centre_code,centre_name,license_issue_date,license_tenure
PT9622,3HOUSE KINDERGARTEN (TAMPINES),2024-03-02,36
RC1742,7oaks Preschool - Bedok Reservoir,2023-11-11,36
RC1733,7oaks Preschool - International Business Park,2024-03-15,36
RC1750,7oaks Preschool - Jurong St. 81,2024-07-01,36
RC1784,7oaks Preschool - Jurong St. 91,2025-11-16,12
RC1912,7oaks Preschool - Kallang,2024-07-31,24
RC1180,7oaks Preschool - Pasir Ris St. 11,2024-07-02,36
RC0750,7oaks Preschool - Pasir Ris St. 51,2026-02-01,24
RC1510,7oaks Preschool - Sembawang,2024-01-21,36
RC1913,7oaks Preschool - Tampines,2024-08-31,24
PT8720,A2E Kids,2025-12-27,12
PT8399,AAYTOZEE @ HILLVIEW PTE LTD,2025-12-01,24
PT9406,AAYTOZEE LEARNING COVE PTE LTD,2025-11-22,36
PT8900,ACADEMY KIDZ INC PTE. LTD.,2025-02-12,24
PT5210,ACE @ WORK CHILDCARE PTE LTD,2025-04-01,36
PT9953,Ace @ Work Childcare Pte Ltd (ATPCC),2026-05-28,12
PT9939,Ace @ Work Childcare Pte Ltd (BPCC),2025-11-20,12
PT5550,Ace @ Work Childcare Pte Ltd (CCK 757),2024-07-01,36
PT9937,Ace @ Work Childcare Pte Ltd (SKG),2025-10-29,12
PT9909,Ace @ Work Childcare Pte Ltd (TMP939),2025-08-20,24
PT4510,ACE @ WORK EDUCARE PTE LTD,2025-10-01,36
PT8818,ACE@WORK CHILDCARE PTE LTD,2026-01-04,36
PT9488,ACES CHAMPION ENTERPRISE (SINGAPORE) LLP,2023-10-01,36
PT9218,ACTIVE LEARNERS CHILD CARE PRIVATE LIMITED,2024-01-01,36
PT9780,Adventure Tree Preschool @ Katong,2026-01-27,36
PT9799,Adventure Tree Preschool Braddell,2026-06-25,36
PT0860,Adventure Tree Preschool Bukit Timah Pte Ltd,2025-04-28,36
PT9866,Adventure Tree Preschool Holland,2026-07-04,36
PT8691,AGAPE LITTLE UNI CECIL,2025-08-27,36
PT3050,Agape Little Uni Choa Chu Kang,2025-02-03,36
PT8794,AGAPE LITTLE UNI CLEMENTI,2024-10-03,36
PT8405,AGAPE LITTLE UNI COMMONWEALTH,2025-04-17,36
PT9337,AGAPE LITTLE UNI COMPASSVALE,2025-02-01,36
PT9514,AGAPE LITTLE UNI GAMBAS (NORDCOM II),2023-12-26,36
PT6080,Agape Little Uni Jurong West,2024-05-02,36
PT8553,Agape Little Uni Kallang,2025-10-03,36
PT5900,AGAPE LITTLE UNI SENGKANG,2024-02-01,36
PT8735,Agape Little Uni Thomson,2025-03-07,36
PT9392,Agape Little Uni Upper Serangoon,2026-05-01,36
PT9869,Agora-Colearning Spaces Pte. Ltd.,2025-07-20,24
RC1810,Al Iman Mosque Kindergarten,2023-10-18,36
RC1817,AL-ANSAR MOSQUE KINDERGARTEN,2023-09-11,36
RC1809,Al-Istighfar Mosque Kindergarten,2023-08-05,36
RC1819,AL-ISTIQAMAH MOSQUE KINDERGARTEN,2023-09-11,36
RC1812,Al-Khair Mosque Kindergarten,2024-08-30,36
RC1801,Al-Mukminin Mosque Kindergarten,2024-11-13,36
RC1813,AL-MUTTAQIN MOSQUE KINDERGARTEN,2023-08-05,36
PT9725,AL-NASRY CHILDCARE PTE. LTD.,2025-01-01,36
PT9712,AL-NASRY PRESCHOOL,2025-04-11,24
PT9610,AL-NASRY@SENGKANG SOUTH KINDERGARTEN,2023-10-29,36
PT9373,ALORA CHILDCARE (LENG KEE) PTE LTD,2025-06-26,36
PT9800,Alora Infant Care (Leng Kee) Pte Ltd,2026-07-09,36
PT9806,Alpha Green Preschool Pte. Ltd,2024-08-23,24
PT9201,Amazing Star Montessori - Yishun,2025-05-02,24
PT8874,AMAZING STAR MONTESSORI HOUSE (CCK),2023-10-01,36
PT7490,AMAZING STAR MONTESSORI HOUSE (GREENRIDGE),2025-05-06,36
PT7870,AMAZING STAR MONTESSORI HOUSE (SN),2024-11-29,36
PT9943,Amber- School of the Future,2026-02-09,12
PT9863,Ang Mo Kio Methodist Preschool,2026-03-13,24
PT5560,ANGEL CARE CENTRE PTE LTD,2025-01-02,36
RC1814,An-Nur Mosque Kindergarten,2023-09-11,36
PT9544,APPLE TREE PLAYHOUSE PTE LTD,2024-04-23,36
PT7470,Appleland Montessori Child Care Centre Pte Ltd,2025-05-03,24
PT4530,Appleland Playhouse Pte Ltd,2025-04-07,36
PT8817,APRICOT ACADEMY (LAGUNA) PTE. LTD.,2025-01-02,36
PT8659,Apricus Kids Academy Pte Ltd,2025-06-16,36
RC1892,Arise Preschool,2023-11-20,36
RC1805,Ar-Raudhah Mosque Kindergarten,2024-03-31,36
PT9931,Artemis Preskool @ Boon Keng,2025-08-13,12
PT9908,Artemis Preskool @ Bukit Panjang,2025-09-01,24
PT9782,ARTEMIS PRESKOOL @ TAMPINES,2026-02-18,36
PT9951,ARTEMIS PRESKOOL @ TAMPINES WEST,2026-05-08,12
PT9904,ARTEMIS PRESKOOL @ WEST COAST,2025-07-08,24
PT9903,ARTEMIS PRESKOOL @ WISTERIA MALL,2025-06-09,24
PT9761,ARTEMIS PRESKOOL @ WOODLEIGH,2025-11-01,36
PT9925,ARTEMIS PRESKOOL @ WOODLEIGH VILLAGE,2026-05-02,24
PT8852,ARTS JUNIOR MONTESSORI LLP,2025-09-19,12
RC1808,Assyakirin Mosque Kindergarten,2023-10-31,36
PT9652,Astor International Preschool,2024-09-27,36
RC1776,AWWA LTD.,2024-12-15,36
PT9484,Baby Elk Infant Care Pte Ltd,2026-02-28,12
PT8359,BAMBINI CHILDCARE LLP,2024-05-01,36
RC1908,Barker Road Methodist Church Little Lights Preschool -  Vanda,2025-01-18,24
RC1829,BARKER ROAD METHODIST CHURCH LITTLE LIGHTS PRESCHOOL - BARKER,2023-10-17,36
PT9777,Bedok Methodist Preschool,2023-09-19,36
PT9628,Bello Bambini Montessori Pte Ltd,2025-01-02,24
RC1765,BETHEL CHILD DEVELOPMENT CENTRE,2026-03-01,36
RC0030,BETHEL DAY CARE CENTRE,2025-12-27,36
RC1757,BETHEL PRESCHOOL,2026-02-01,36
PT9861,Bethesda (Bedok-Tampines) Kindergarten Pte Ltd,2023-11-25,36
RC1849,Bethesda (Pasir Ris) Kindergarten,2023-11-05,36
RC1822,Bethesda Ang Mo Kio Kindergarten,2025-03-28,36
RC1884,BETHESDA CHAPEL KINDERGARTEN,2023-11-06,36
RC1852,Bethesda Kindercare,2025-05-29,24
RC1768,BETHLEHEM EDUCARE CENTRE,2025-06-01,36
RC0960,BETHLEHEM EDUCARE CENTRE (YISHUN),2024-11-16,36
PT8633,BETWEEN TWO TREES PRESCHOOL,2025-01-01,36
PT9744,Big Einstein Academy @ Tampines Pte Ltd,2026-06-24,6
PT1450,BLOSSOM CREATIVE CENTRE LLP,2024-12-01,36
PT8828,BLOSSOM DISCOVERY CENTRE LLP,2025-03-15,36
PT3190,BLOSSOM EDUCARE CENTRE LLP,2025-04-01,36
PT9139,Blossom Genesis Centre Pte Ltd,2026-05-01,36
PT1200,BLUE HOUSE (MUTIARA),2024-09-20,24
PT9460,Blue House Childcare,2026-06-01,12
PT2600,Blue House Childcare (Kay Siang) Pte Ltd,2024-04-15,36
RC1899,Blue Lion Preschool,2025-10-29,36
PT9731,BrainFit School House Pte Ltd,2024-03-12,36
PT9726,Brainy Bunch Hougang Pte. Ltd.,2025-09-24,24
PT9621,Brainy Bunch Pasir Ris Pte Ltd,2024-03-24,36
PT9399,BRAINY BUNCH WOODLANDS PTE LTD,2025-11-01,36
PT4140,BRIGHT KIDS @ JURONG WEST PTE LTD,2023-12-10,36
PT3000,BRIGHT KIDS @ PASIR RIS PTE LTD,2026-03-23,36
PT7290,BRIGHT KIDS SCHOOL HOUSE PTE LTD,2024-02-25,36
PT7380,BRIGHT KIDS SCHOOL HOUSE PTE LTD,2024-09-26,36
PT7540,BRIGHT KIDS SCHOOL HOUSE PTE LTD,2024-06-15,36
PT8441,BRIGHT LEARNERS PRESCHOOL,2023-09-14,36
PT8969,Bright Sparks Childcare (City Campus) Pte. Ltd.,2026-02-02,12
PT9110,BRIGHT SPARKS CHILDCARE LLP,2026-02-11,36
PT9846,Bright Sparks Infant Care Pte. Ltd,2025-12-01,24
PT9001,Brighton Montessori Ang Mo Kio (Yio Chu Kang Community Club),2025-01-01,36
PT7970,Brighton Montessori Frankel,2024-02-01,36
PT9362,Brighton Montessori Hillview,2025-08-01,36
PT9491,Brighton Montessori Kovan,2024-10-19,24
PT8957,Brighton Montessori Mountbatten,2025-06-15,36
PT9248,Brighton Montessori River Valley,2024-10-01,36
PT8702,Brighton Montessori Sunset Way,2025-10-23,36
PT9395,Brilliant Beans Preschool Macpherson,2023-11-01,36
PT9190,BRILLIANT KIDS LEARNING COVE,2023-10-01,36
PT8953,Brilliant Tots @ Kelulut Pte Ltd,2025-06-01,36
PT9329,BRILLIANT TOTS ACADEMY PTE. LTD.,2026-01-01,36
PT9334,BRILLIANT TOTS PTE. LTD.,2025-08-01,24
PT8660,Bucket House Preschool @ Sims Avenue,2023-10-22,36
PT9527,Bucket House Preschool Education Pte. Ltd.,2024-02-09,36
PT9268,Bucket House Preschool@Bukit Batok,2024-06-09,36
RC1862,Bukit Panjang Methodist Church Kindergarten,2023-10-15,36
PT3150,BUMBLE BEE CHILD CARE CENTRE,2025-01-15,36
RC1870,Calvary Pandan Kindergarten,2024-11-20,36
PT8901,CAMBERLEY INTERNATIONAL PRE-SCHOOL PRIVATE LIMITED,2025-12-20,36
PT9480,CAMBERLEY LOYANG PRE-SCHOOL PRIVATE LIMITED,2023-08-07,36
PT9892,Cambridge @ Holland Pte Ltd,2026-03-18,12
PT9543,CAMBRIDGE @ MACPHERSON PTE LTD,2024-11-01,24
PT9896,Cambridge @ Midwood Pte. Ltd,2025-03-01,24
PT9515,Cambridge @ River Valley Pte. Ltd.,2025-07-01,24
PT8629,CAMBRIDGE @ SERANGOON GARDENS PTE. LTD.,2025-06-15,36
PT8639,CAMBRIDGE CDC @ SENGKANG PTE. LTD.,2025-02-01,36
PT9768,Cambridge@Artra Alexandra Pte Ltd,2025-12-30,36
PT9532,CAMBRIDGE@KINGSFORD WATERBAY PTE LTD,2024-03-15,36
PT9277,CAMELOT INTERNATIONAL INFANT CARE PTE LTD,2026-07-01,36
PT9801,Camelot Learning Centre Pte Ltd,2024-07-27,36
RC1788,CANOSSAVILLE CHILDREN AND COMMUNITY SERVICES,2026-01-02,36
PT8676,CARPE DIEM @ HILLTOP PTE. LTD.,2025-12-29,24
PT8911,CARPE DIEM @ ITE PTE. LTD.,2024-01-10,36
PT9471,CARPE DIEM @ NORDCOM PTE LTD,2023-07-25,36
PT9186,CARPE DIEM ACE LEARNERS PTE. LTD.,2023-09-15,36
PT9358,CARPE DIEM CHILDCARE PTE LTD,2025-11-01,36
PT9379,CARPE DIEM CHILDCARE PTE LTD,2025-07-03,36
PT8290,CARPE DIEM CHILDCARE PTE. LTD.,2025-07-01,36
PT8386,CARPE DIEM CHILDCARE RESORT PTE. LTD.,2025-03-01,36
PT8488,CARPE DIEM EDUCARE PTE. LTD.,2024-09-01,36
PT8434,CARPE DIEM FIRST YEARS PTE. LTD.,2025-01-01,24
PT8200,CARPE DIEM KIDSWORLD PTE. LTD.,2025-12-12,36
PT8867,CARPE DIEM KIDZ PLAYHOUSE PTE. LTD.,2025-09-05,36
PT8525,CARPE DIEM KINDERACE PTE. LTD.,2024-05-01,36
PT8443,CARPE DIEM KINDERCARE PTE. LTD.,2025-02-01,36
WP1108,CARPE DIEM LITTLE GREEN HOUSE PTE. LTD.,2026-04-10,36
PT8509,CARPE DIEM MI SCHOOLHOUSE PTE. LTD.,2025-12-27,36
PT9417,CARPE DIEM SCHOOLHOUSE PTE LTD,2025-12-18,36
PT9759,Carpe Diem Schoolhouse Pte Ltd,2025-10-20,36
PT8984,CARPE DIEM SCHOOLHOUSE PTE. LTD.,2024-11-01,36
PT8799,CARPE DIEM SPRINGS PTE. LTD.,2025-11-01,36
PT8905,CARPE DIEM STARLETS 1 PTE. LTD.,2024-01-01,36
PT8904,CARPE DIEM STARLETS 2 PTE. LTD.,2026-07-01,36
PT9389,CARPE DIEM STARLETS SPARKLE PTE. LTD.,2025-10-01,36
PT8480,CARPE DIEM YOUNG HEARTS PTE. LTD.,2024-08-01,36
PT8761,CARPE DIEM YOUNG JOY PTE. LTD.,2025-07-01,36
PT8461,CARPE DIEM YOUNG MINDS PTE. LTD.,2024-05-01,36
PT9582,Catholic Kindergarten,2024-01-15,36
PT9928,CAVENUR EARLY LEARNING CENTRE,2025-07-24,12
PT9092,CAVENUR EARLY LEARNING CENTRE PTE LTD,2025-12-01,36
PT9600,Cavenur Kindergarten Pte Ltd,2024-08-22,36
PT9585,Cedan Kindergarten,2024-02-19,36
RC1871,Centre of New Life Schoolhouse,2024-06-24,36
RC1806,CGM Kindergarten,2024-02-17,36
PT8623,Changemakers Academy Explorer,2024-11-19,36
PT8650,Changemakers Academy Explorer,2025-03-01,36
PT8803,Changemakers Academy Explorer,2023-10-23,36
PT9287,Changemakers Academy Explorer,2024-07-25,36
PT9394,Changemakers Academy Explorer,2025-11-01,36
PT9942,Changemakers Academy Explorer,2025-05-02,36
RC1755,CHANGI BETHANY SCHOOL-HOUSE,2025-10-02,36
WP0300,CHANGI GENERAL HOSPITAL CHILD CARE CENTRE,2023-12-01,36
PT7140,Character Montessori AMK,2025-11-22,12
PT8754,Character Montessori Jurong,2025-06-07,24
PT9741,Charis Montessori @ Elim,2026-02-21,12
PT9736,CHATSWORTH PRESCHOOL,2025-01-31,36
PT9372,CHATSWORTH PRESCHOOL PTE LTD,2025-06-18,36
RC0790,CHEE HWAN KOG CHILDCARE CENTRE,2024-06-15,36
PT7120,CHERIE HEARTS @ CHARLTON PTE LTD,2024-11-14,36
PT8617,CHERIE HEARTS KIDZ CAMPUS PTE. LTD.,2024-10-01,36
PT8782,CHERIE HEARTS NURTURELOFT PTE. LTD.,2024-08-25,36
PT9430,CHERRY KIDZ MONTESSORI CHILDCARE LLP,2026-01-15,24
PT9528,CHERRYBROOK PRESCHOOL EAST COAST PTE. LTD.,2024-03-01,36
PT9431,CHERRYBROOK PRESCHOOL FARRER,2026-02-01,36
PT9213,CHERRYBROOK PRESCHOOL THOMSON PTE. LTD.,2024-01-04,36
PT9402,CHESTON MONTESSORI PRESCHOOLS PTE LTD,2026-05-08,6
PT9847,Chicky & Olive International Preschool,2025-12-08,24
PT9886,CHICKY & OLIVE LEARNING CENTRE PTE LTD,2026-02-16,12
RC1250,CHILD AT STREET 11 LTD,2024-10-01,36
PT9442,CHILDCARE @ THE ENRICHMENT PTE LTD,2024-03-19,36
PT8822,CHILDFIRST @ HILLVIEW PTE LTD,2025-08-01,36
PT9078,CHILDFIRST@TAMPINES PTE. LTD.,2025-09-30,36
PT9794,Children's Cove Preschool @ Sembawang,2026-05-07,36
PT8965,Children's Cove Preschool Pasir Ris Pte Ltd,2025-08-01,24
PT9752,CHILDREN'S COVE PRESCHOOL PTE. LTD.,2025-06-26,36
PT9390,CHILDREN'S COVE PRESCHOOL PTE.LTD.,2025-10-16,36
PT8675,CHILDREN'S COVE PTE. LTD.,2024-07-01,36
PT9630,Children's Vineyard Kindergarten,2024-11-04,36
RC0740,CHINESE CHRISTIAN MISSION LIMITED,2025-12-07,36
RC1754,CI AI EDUCATION INCUBATOR,2024-09-25,36
PT8494,CITIKIDS EDVENTURE PTE. LTD.,2025-10-01,36
PT9667,CLEMENTI WOODS KINDERGARTEN LLP,2024-03-10,36
PT9902,Clover Preschool,2026-06-07,24
PT9623,COCO-RO LEARNING HOUSE,2024-04-09,36
PT4700,Columbia Preschool,2024-11-01,36
WP0310,CREATIVE O PRESCHOOLERS' BAY,2025-07-05,36
PT9437,CREATIVE THINKERS PRESCHOOL PTE. LTD.,2026-03-01,36
PT9310,CREATIVELAND CHILDCARE AND DEVELOPMENT CENTRE@ADMIRALTY PTE LTD,2024-12-01,36
PT9328,CREATIVELAND CHILDCARE AND DEVELOPMENT CENTRE@YEW TEE PTE LTD,2025-01-01,24
PT9003,DA LITTLE PRESCHOOL (TAMARIND) PTE. LTD.,2026-04-22,36
PT9028,DA LITTLE PRESCHOOL AT CECIL PRIVATE LIMITED,2025-02-17,36
RC1821,Darul Ghufran Mosque Kindergarten,2024-02-11,36
RC1802,DARUL MAKMUR MOSQUE KINDERGARTEN,2023-10-18,36
RC1799,David & Goliath Preschool,2024-10-18,36
PT9598,Dreamkids Kindergarten @ East Gate Pte Ltd,2023-10-08,36
PT8630,EARLY LEARNING'S FUN PRESCHOOL PTE. LTD.,2024-12-28,36
EB0009,E-BRIDGE PRE-SCHOOL PTE LTD,2024-05-16,36
EB0010,E-BRIDGE PRE-SCHOOL PTE LTD,2024-11-30,36
EB0011,E-BRIDGE PRE-SCHOOL PTE LTD,2025-11-29,36
EB0012,E-BRIDGE PRE-SCHOOL PTE LTD,2025-12-29,36
EB0013,E-BRIDGE PRE-SCHOOL PTE LTD,2026-01-11,36
EB0014,E-BRIDGE PRE-SCHOOL PTE LTD,2025-12-29,36
EB0015,E-BRIDGE PRE-SCHOOL PTE LTD,2026-05-14,36
EB0016,E-BRIDGE PRE-SCHOOL PTE LTD,2025-03-04,36
EB0017,E-BRIDGE PRE-SCHOOL PTE LTD,2024-02-28,36
EB0018,E-Bridge Pre-School Pte Ltd,2024-12-31,36
EB0019,E-Bridge Pre-School Pte Ltd,2026-01-04,36
EB0020,E-Bridge Pre-School Pte Ltd,2024-08-20,24
EB0021,E-Bridge Pre-School Pte Ltd,2024-10-05,24
EB0022,E-Bridge Pre-School Pte Ltd,2024-12-28,24
EB0023,E-Bridge Pre-School Pte Ltd,2026-05-18,24
EB0024,E-Bridge Pre-School Pte Ltd,2026-06-19,24
EB0025,E-Bridge Pre-School Pte Ltd,2025-06-14,24
EB0026,E-Bridge Pre-School Pte Ltd,2025-06-27,24
EB0027,E-Bridge Pre-School Pte Ltd,2025-08-12,24
EB0028,E-Bridge Pre-School Pte Ltd,2025-09-23,24
EB0029,E-Bridge Pre-School Pte Ltd,2025-11-03,12
EB0030,E-Bridge Pre-School Pte Ltd,2026-02-13,12
EB0031,E-Bridge Pre-School Pte Ltd,2026-02-13,12
EB0001,E-BRIDGE PRE-SCHOOL PTE. LTD.,2025-07-25,36
EB0002,E-BRIDGE PRE-SCHOOL PTE. LTD.,2025-08-15,36
EB0003,E-BRIDGE PRE-SCHOOL PTE. LTD.,2025-09-11,36
EB0004,E-BRIDGE PRE-SCHOOL PTE. LTD.,2025-03-01,36
EB0005,E-BRIDGE PRE-SCHOOL PTE. LTD.,2023-11-30,36
EB0006,E-BRIDGE PRE-SCHOOL PTE. LTD.,2024-01-11,36
EB0007,E-Bridge Pre-School Pte. Ltd.,2024-02-15,36
EB0008,E-BRIDGE PRE-SCHOOL PTE. LTD.,2024-03-22,36
RC1828,Edelweiss Preschool Sembawang Presbyterian Church,2026-01-01,24
PT6510,ELFA PRESCHOOL,2024-12-30,36
PT9879,ELFA PRESCHOOL @ JURONG EAST,2024-12-26,24
PT7900,ELFA Preschool @ Tampines,2025-12-16,36
PT9785,ELITE KIDZ PRESCHOOL,2026-03-03,36
PT9893,Emile Preschool @ APAC,2025-03-23,24
PT9377,EMILE PRESCHOOL PTE. LTD.,2025-06-28,36
PT8340,ENFANT EDUCARE PTE LTD,2024-07-04,36
RC1820,EN-NAEEM MOSQUE KINDERGARTEN,2024-08-27,36
PT5530,EQ EDUCARE PTE LTD,2024-07-02,36
PT9915,Eshkol Valley @ BP Pte Ltd,2025-11-13,24
PT9068,ESHKOL VALLEY @ NORTHSTAR PTE. LTD.,2025-08-15,24
PT9852,Eshkol Valley @ PPCC Pte Ltd,2026-01-04,24
PT8834,ESHKOL VALLEY @ SENGKANG PEARL PTE. LTD.,2024-04-01,36
PT9205,Eshkol Valley @ Yishun Pte Ltd,2024-10-17,36
PT9114,ETONHOUSE BILINGUAL PRE-SCHOOL PTE. LTD.,2026-03-09,36
PT9872,EtonHouse Garden School by the Bay,2024-08-15,24
PT7110,ETONHOUSE INTERNATIONAL RESEARCH PRE-SCHOOL PTE.LTD.,2026-04-01,36
PT9228,EtonHouse Pre-School by the Beach,2024-01-11,36
PT5460,ETONHOUSE PRE-SCHOOL PTE LTD,2025-03-19,36
PT8945,ETONHOUSE PRE-SCHOOL PTE LTD,2025-11-17,36
PT9236,ETONHOUSE PRE-SCHOOL PTE LTD,2024-03-07,36
PT9331,ETONHOUSE PRE-SCHOOL PTE LTD,2026-01-03,36
PT9878,EtonHouse Pre-School Pte Ltd,2025-01-01,24
PT6860,EUREKA SCHOOLHOUSE PTE LTD,2025-06-20,36
PT9775,Faith Methodist Preschool,2026-03-18,36
RC1885,Far Eastern Kindergarten,2023-10-20,36
PT9611,FIRST STEP MONTESSORI HOUSE PTE. LTD.,2023-10-29,36
PT9171,First Steps Preschool @ Admiralty,2024-02-01,36
PT8361,First Steps Preschool @ Depot Road,2025-05-02,24
RC1260,Foo Hai Aspiration Child Care Centre @ Tampines,2024-12-01,36
RC1460,Foo Hai Aspiration Childcare Centre @Bedok,2025-07-02,36
PT9361,Forrest Preschool,2025-05-15,36
PT9668,GATE Junior Preschool,2026-04-30,24
PT9826,GATE Junior Preschool,2026-03-20,24
PT8882,GENESIS CHILD CARE (TP) PTE. LTD.,2024-11-15,24
PT9033,Genius Gems Childcare @ Changi,2024-04-01,36
PT8709,GENIUS HIVE PRE-SCHOOL PTE. LTD.,2024-12-01,36
PT7800,GENIUS SCHOOL HOUSE,2025-04-14,36
RC1716,GLOBAL CHILD DEVELOPMENT CENTRE,2024-05-01,36
RC1781,GLOBAL CHILD DEVELOPMENT CENTRE @ TAMPINES,2025-08-14,24
RC1762,GLOBAL MINDZ (EDEN) PRESCHOOL LIMITED,2026-06-12,36
PT9367,GLOBAL TOTS @ MOUNTBATTEN PTE LTD,2026-07-01,24
RC1430,GLORY JOY CHILD DEVELOPMENT CENTRE,2025-01-02,24
RC1823,Glory Kindergarten,2023-10-15,36
RC1804,Good Shepherd Preschool,2025-01-01,24
RC0035,GRACE CHILD DEVELOPMENT CENTRE,2026-01-02,36
PT9713,Grace House @ Tanglin Pte Ltd,2025-01-01,24
RC0640,GREEN PASTURES CHILD CENTRE,2025-11-02,36
PT7650,Greenery Childcare Centre,2024-09-01,36
PT8959,GREENFIELD MONTESSORI CHILDCARE PTE LTD,2026-01-01,24
PT9240,GREENLAND CHILDCARE @ FERNVALE PTE LTD,2024-03-17,36
PT9336,GREENLAND CHILDCARE @ PUNGGOL DRIVE PTE LTD,2025-02-03,36
PT9241,GREENLAND CHILDCARE @ PUNGGOL PTE LTD,2024-03-17,36
PT9342,GREENLAND CHILDCARE @ SUMANG WALK PTE. LTD.,2026-01-02,36
PT8999,Greenland Childcare Centre,2025-01-02,36
PT8853,Greentree Children Community Pte Ltd,2026-07-14,12
PT9723,Greentree Montessori Children Cottage,2025-02-19,24
PT8541,Greentree Montessori Children House  Pte Ltd,2025-07-31,12
PT8518,GREENTREE MONTESSORI CHILDREN HUB PTE. LTD.,2024-09-17,36
PT9474,Greentree Montessori Children Terrace Pte Ltd,2023-08-01,36
PT9523,GUG PRESCHOOL @ TAMPINES PTE LTD,2024-01-22,36
PT9574,Hanis Montessori Kindergarten ( Choa Chu Kang ),2023-09-27,36
PT9584,HANIS Montessori Kindergarten ( Tampines ),2023-09-27,36
PT9784,HANIS Montessori Playhouse ( Elias Mall ),2026-03-01,12
PT9572,HANIS Montessori Playhouse ( Pasir Ris ),2026-01-01,12
PT9573,HANIS Montessori Playhouse ( Woodlands ),2026-01-01,12
PT9509,HAPPY KIDS PRESCHOOL PTE. LTD.,2023-12-18,36
PT7190,HAPPY TOWN CHILDCARE PTE LTD,2026-07-02,36
PT9391,HARMONI PRESKOOL @ BUANGKOK PTE LTD,2025-10-11,36
PT9444,HARMONI PRESKOOL @ YISHUN PTE LTD,2026-03-21,36
RC1630,HATCH by TOUCH Preschools @ Zhenghua 510,2024-04-05,36
RC0590,HATCH by TOUCH Preschools @Clementi 333,2025-11-16,36
RC0570,HATCH by TOUCH Preschools @Hougang 606,2024-01-04,36
RC1140,HATCH by TOUCH Preschools @Woodlands 171,2024-09-11,36
RC0490,HATCH Preschools @ Bukit Batok 225,2025-07-30,36
PT9698,HEARTFIELD KINDERGARTEN PTE LTD,2023-10-30,36
PT9416,HEARTYLAND INFANT CARE PTE LTD,2025-12-15,36
PT9270,Heartyland Pte Ltd,2026-01-01,36
PT9947,"Hei School, Bishan",2026-04-13,12
PT9716,Hess Preschool Katong Pte. Ltd.,2024-10-23,36
PT9093,HI-5 HOUSE OF LEARNING(HOL) PRESCHOOL@JOO SENG PTE. LTD.,2026-01-01,24
RC1860,HOLY GRACE KINDERCARE,2024-03-31,36
PT9833,House on the Hill Montessori Pre-School,2026-06-23,24
PT8808,HOUSE ON THE HILL PTE LTD,2026-06-27,36
PT9477,HOUSE ON THE HILL PTE. LTD.,2023-08-02,36
PT9671,House on the Hill Pte. Ltd.,2024-03-12,36
PT9115,HUDA CHILDCARE (WOODLANDS11) PTE. LTD.,2026-03-11,36
PT9738,Huda Childcare (WRR) Pte Ltd,2025-02-17,36
PT8809,HUDA CHILDCARE PTE. LTD.,2026-01-31,36
PT5010,IDEAL MONTESSORI PTE LTD,2025-11-15,12
PT8967,IKIDS WORLD PTE. LTD.,2024-08-01,36
PT9355,ILHAM CHILD CARE (EAST) PTE LTD,2026-03-13,36
PT9853,ILHAM CHILD CARE (NORTH) PTE LTD,2026-02-01,24
PT9063,ILHAM CHILD CARE PTE. LTD.,2025-08-01,36
PT8805,IMAN CHILDCARE ( WOODGROVE) PTE. LTD.,2026-05-24,24
PT9403,IMAN CHILDCARE (BUKIT BATOK) PTE LTD,2025-11-10,12
PT8989,IMAN CHILDCARE (JURONG) PTE. LTD.,2025-05-25,24
PT8501,IMAN CHILDCARE (SIMEI) PTE. LTD.,2025-05-01,36
PT9503,IMAN CHILDCARE (TAMPINES) PTE LTD,2026-06-01,12
PT9690,IMAN KINDERGARTEN (CCK) PTE LTD,2025-01-01,24
PT9664,IMAN KINDERGARTEN (YISHUN) PTE LTD,2025-01-01,24
PT9949,Impressions Montessori Kindergarten,2026-04-24,12
PT9388,"INNO MONTESSORI PTE. LTD,",2025-10-01,36
PT9624,Iroha Kindergarten,2023-08-21,36
RC0820,IYAD PERDAUS CHILD DEVELOPMENT,2024-05-12,36
RC1530,IYAD PERDAUS CHILD DEVELOPMENT,2024-05-13,36
RC1746,IYAD PERDAUS CHILD DEVELOPMENT,2025-07-28,36
RC0830,JAMIYAH CHILD CARE CENTRE,2026-07-03,36
RC1865,JAMIYAH KINDERGARTEN,2025-03-06,36
PT9769,JHS Montessori,2026-01-04,36
PT8985,Josiah Montessori,2025-11-01,36
PT8744,Josiah Montessori - Changi Business Park,2025-04-14,36
PT8655,Josiah Montessori - Pasir Ris,2026-04-25,24
PT8120,JOSIAH MONTESSORI : CITY CHILDCARE CENTRE,2026-05-26,24
PT9082,JOSIAH MONTESSORI APERIA,2025-11-06,36
PT9694,Josiah Montessori Kindergarten,2024-09-27,36
PT9055,JOY TALENT CHILDCARE CENTRE PTE. LTD.,2024-07-22,36
PT9053,Joyful Tots @ Bendemeer Pte Ltd,2026-06-26,24
PT8831,JUDE CHILD CARE AND CHILD DEVELOPMENT CENTRE,2026-04-01,24
PT5400,Julia Gabriel Preschool Keppel Bay,2024-01-29,36
PT8637,Julia Gabriel Preschool Mountbatten,2025-01-11,36
PT2070,Julia Gabriel Preschool Thomson,2026-01-02,36
PT9857,JUNIOR CHAMPS (GRANTRAL MALL),2026-03-15,24
PT8457,JUNIOR CHAMPS @ KOVAN PTE. LTD.,2025-04-09,36
PT9363,JUNIOR CHAMPS EDUCAMPUS PTE LTD,2025-05-18,36
PT8662,JUNIOR CHAMPS EDUCAMPUS PTE. LTD.,2024-04-03,36
PT6020,JUNIOR PLAYWORLD CHILD CARE & DEVELOPMENT CENTRE,2024-03-22,36
RC1875,Jurong Calvary Kindergarten,2023-10-24,36
RC1816,Kampung Siglap Mosque Kindergarten,2024-11-14,24
RC1807,KAY POH ROAD BAPTIST KINDERGARTEN,2025-03-04,24
PT9445,Kensington Preschool @ Macpherson,2026-03-23,36
PT9400,Kensington Preschool @ West Coast,2025-12-01,12
PT9439,Kensington Preschool@Downtown East,2026-03-06,12
RC1859,KHALSA KINDERGARTEN,2024-10-22,36
PT7040,KIDDIE EXPLORERS PRESCHOOL,2024-09-29,24
PT9894,KIDDIWINKIE SCHOOLHOUSE @ EAST COAST,2026-04-01,12
PT9871,KIDDIWINKIE SCHOOLHOUSE @ JURONG GATEWAY,2024-08-01,24
PT9897,KIDDIWINKIE SCHOOLHOUSE @ MOUNTBATTEN,2025-04-05,24
PT9071,KIDDIWINKIE SCHOOLHOUSE @ NOVENA PTE. LTD.,2025-08-22,36
PT8406,KIDDIWINKIE SCHOOLHOUSE @ UPPER BUKIT TIMAH,2025-07-26,36
PT5280,KIDDIWINKIE SCHOOLHOUSE PTE LTD,2024-12-04,36
PT8804,Kiddiwinkie Schoolhouse Pte Ltd,2024-11-20,36
PT9542,Kiddiwinkie Schoolhouse Pte Ltd,2024-04-19,36
PT9007,Kiddiwinkie Schoolhouse Singapore Pte Ltd,2026-01-01,36
PT9027,Kiddiwinkie Schoolhouse Singapore Pte Ltd,2025-02-11,36
PT9278,KIDDIWINKIE SCHOOLHOUSE@GRANDSTAND PTE LTD,2024-07-01,36
PT9314,KIDDY UP PTE LTD,2025-12-30,36
PT2130,KIDS AND KINS CHILD CARE CENTRE,2024-10-03,36
RC1680,KIDS' KINGDOM CHILD DEVELOPMENT AND LEARNING CENTRE,2024-01-07,36
PT9696,KIDSCAMPUS (CHANGI SIMEI) PTE LTD,2025-08-01,24
PT9451,KIDSCAMPUS JW PTE LTD,2026-04-28,36
PT9478,KIDSCAMPUS WEST COAST PTE LTD,2023-08-15,36
RC0440,KIDSVILLE CHILD CARE & DEVELOPMENT CENTRE,2025-08-01,12
PT9875,Kidya Childcare (Bukit Batok) Pte Ltd,2024-09-29,24
PT9811,Kidya Childcare Pte Ltd,2024-10-07,24
PT8515,KIDZ KULTURE SCHOOLHOUSE PTE. LTD.,2025-02-01,36
RC1905,KIDZ MEADOW CHILDCARE & DEVELOPMENT CENTRE (BEDOK NORTH),2026-04-01,36
RC1719,KIDZ MEADOW CHILDCARE & DEVELOPMENT CENTRE (BUANGKOK CRESCENT),2024-11-01,36
RC1751,KIDZ MEADOW CHILDCARE & DEVELOPMENT CENTRE (BUANGKOK RIDGE),2025-02-06,36
RC0680,KIDZ MEADOW CHILDCARE & DEVELOPMENT CENTRE (EUNOS),2024-04-01,36
RC1766,KIDZ MEADOW CHILDCARE & DEVELOPMENT CENTRE (JURONG WEST),2026-04-27,36
RC1907,KIDZ MEADOW CHILDCARE & DEVELOPMENT CENTRE (PASIR RIS),2023-11-19,36
RC1911,KIDZ MEADOW CHILDCARE & DEVELOPMENT CENTRE (PUNGGOL),2024-08-01,24
RC1040,KIDZ MEADOW CHILDCARE & DEVELOPMENT CENTRE (WOODLANDS),2025-05-01,36
RC1470,KIDZ MEADOW CHILDCARE & DEVELOPMENT CENTRE (YEW TEE),2026-01-01,36
RC0920,KIDZ MEADOW CHILDCARE & DEVELOPMENT CENTRE (YISHUN),2025-03-30,36
PT5670,KIDZMONTE CHILD DEVELOPMENT CENTRE,2025-10-02,12
RC1845,Kim Keat Christian Church Kindergarten,2024-03-28,36
PT9608,Kinderbridge Bilingual Preschool,2025-08-01,24
PT8693,KinderBuds Preschool,2025-09-01,36
PT1090,KINDERCAMPUS (S) PTE LTD,2025-03-09,36
PT0510,KINDERLAND PRESCHOOL,2024-07-06,36
PT1330,KINDERLAND PRESCHOOL,2024-08-01,36
PT5250,KINDERLAND PRESCHOOL,2025-05-01,36
PT5810,KINDERLAND PRESCHOOL,2025-01-02,36
PT8740,KINDERLAND PRESCHOOL,2025-03-29,36
PT9818,Kinderland Preschool,2025-07-03,36
PT9820,KINDERLAND PRESCHOOL,2024-03-01,36
PT9821,KINDERLAND PRESCHOOL,2025-01-03,24
PT9418,Kinderland Preschool (Sunshine Place),2024-09-28,24
PT9499,Kinderland Preschool (Woodlands Mart),2024-09-05,24
PT9380,Kinderland Preschool @ Loyang Point,2025-07-06,36
PT6540,Kinderland Preschool @ Upper Changi,2024-01-06,36
RC1640,KINDERYEARS CHILDCARE & DEVELOPMENT CENTRE,2025-05-07,36
RC1924,Kindle Garden @Pasir Ris,2024-04-01,36
PT9371,KINGDOM EDUCATION PTE. LTD.,2026-06-16,12
PT9230,LEAP SCHOOLHOUSE @ CITY SQUARE MALL PTE LTD,2024-02-01,36
PT8996,Learning Adventure Preschool @ Woodlands,2026-01-01,12
PT9076,LEARNING KIDZ ACADEMY PTE. LTD.,2025-09-18,12
PT8230,LEARNING KIDZ CHILD DEVELOPMENT CENTRE LLP,2024-11-18,36
PT6100,LEARNING KIDZ EDUCARE PTE. LTD.,2025-05-02,36
PT8781,LEARNING KIDZ EDUCENTRE PTE. LTD.,2026-04-01,36
WP0733,Learning Vision Changi Airport (Terminal 3),2025-01-05,36
PT9422,Learning Vision Changi Business Park,2025-12-29,36
PT9359,Learning Vision Harbourlink Innohub (Pasir Panjang),2025-05-02,36
PT8979,Learning Vision Hwa Chong Institution,2024-10-14,36
PT8995,Learning Vision Lifelong Learning Institute (Paya Lebar),2024-12-14,36
WP0330,Learning Vision Nanyang Polytechnic,2025-01-01,36
WP0210,Learning Vision Nanyang Technological University,2026-06-01,36
PT9032,Learning Vision National University Health System,2025-03-03,36
PT9465,Learning Vision Ng Teng Fong General Hospital,2026-06-21,36
PT9449,Learning Vision Sengkang General Hospital,2026-05-02,36
PT6170,Learning Vision Sunshine Place (Choa Chu Kang),2024-07-01,36
WP0280,Learning Vision Tan Tock Seng Hospital,2024-12-02,36
WP0610,Learning Vision TechPoint (Ang Mo Kio),2025-06-03,36
PT4770,Learning Vision Vista Point (Woodlands),2024-03-26,36
PT9890,Learning Vision Woodlands Hospital,2025-03-06,24
PT0920,LEARNINGHILL EDUCARE PTE LTD,2024-01-01,36
PT9025,LEARNINGWELL PRESCHOOL @ TECK WHYE PTE. LTD.,2024-08-03,36
PT9918,LEARNINGWELL PRESCHOOL @ TWIN VEW,2025-12-11,24
PT9699,LeClare @ Shenton Pte. Ltd.,2024-08-15,36
PT9789,Leeds Montessori,2026-04-08,36
PT9807,LES OLIVIERS,2024-10-03,24
PT9193,LES PETITS GAULOIS PTE. LTD.,2026-05-12,36
PT9200,Lillipods North View,2023-10-29,36
PT9034,Lillipods NorthStar,2025-04-01,24
PT9835,Lily Valley Preschool,2025-07-01,24
PT8596,LITTLE BIG PRE-SCHOOL PTE. LTD.,2024-06-25,36
RC1370,Little Dolphins Playskool,2025-05-01,36
RC1590,LITTLE DOLPHINS PLAYSKOOL,2024-06-18,36
RC1745,LITTLE DOLPHINS PLAYSKOOL,2024-06-01,36
PT8534,Little Explorers Cove @ Boon Lay,2026-04-17,36
PT2480,LITTLE FAIRYLAND CHILD CARE & DEVELOPMENT CENTRE,2024-02-02,36
PT9244,LITTLE FOOTPRINTS PRESCHOOL,2025-03-24,36
PT9421,Little Footprints Preschool @ Boon Keng Pte Ltd,2026-01-01,36
PT3100,LITTLE FOOTPRINTS PRESCHOOL ASIA PTE. LTD.,2025-11-17,36
PT9113,LITTLE FOOTPRINTS PRESCHOOL ASIA PTE. LTD.,2024-04-28,36
PT9128,LITTLE FOOTPRINTS PRESCHOOL ASIA PTE. LTD.,2023-10-16,36
PT9131,LITTLE FOOTPRINTS PRESCHOOL ASIA PTE. LTD.,2026-04-23,36
PT9169,LITTLE FOOTPRINTS PRESCHOOL ASIA PTE. LTD.,2023-08-01,36
PT9340,LITTLE FOOTPRINTS PRESCHOOL ASIA PTE. LTD.,2025-02-10,36
PT9015,Little Footprints Preschool Group Pte Ltd,2025-02-01,36
PT9020,Little Footprints Preschool Group Pte Ltd,2025-02-01,36
PT9021,Little Footprints Preschool Group Pte Ltd,2025-02-01,36
PT9023,Little Footprints Preschool Group Pte Ltd,2025-02-01,36
PT9024,Little Footprints Preschool Group Pte Ltd,2025-02-01,36
PT9234,Little Footprints Preschool Group Pte Ltd,2023-09-01,36
PT9247,Little Footprints Preschool Group Pte Ltd,2024-04-01,36
PT9271,Little Footprints Preschool Group Pte Ltd,2024-07-01,36
PT9272,Little Footprints Preschool Group Pte Ltd,2024-07-01,36
PT9273,Little Footprints Preschool Group Pte Ltd,2024-07-01,36
PT8685,Little Footprints Preschool Pte Ltd,2025-08-01,36
PT8696,Little Footprints Preschool Pte Ltd,2024-01-01,36
PT8990,Little Footprints Preschool Pte Ltd,2025-12-01,36
PT9008,Little Footprints Preschool Pte Ltd,2026-01-01,36
PT9011,Little Footprints Preschool Pte Ltd,2026-01-02,36
PT9017,Little Footprints Preschool Pte Ltd,2025-02-01,36
PT9060,Little Footprints Preschool Pte Ltd,2025-08-02,36
PT9090,Little Footprints Preschool Pte Ltd,2025-12-01,36
PT9153,Little Footprints Preschool Pte Ltd,2024-07-01,36
PT9156,Little Footprints Preschool Pte Ltd,2026-07-01,36
PT9158,Little Footprints Preschool Pte Ltd,2026-07-01,36
PT9159,Little Footprints Preschool Pte Ltd,2026-07-01,36
PT9245,LITTLE FOOTPRINTS PRESCHOOL PTE LTD,2025-04-01,36
PT9258,LITTLE FOOTPRINTS PRESCHOOL PTE LTD,2024-05-05,36
PT9276,LITTLE FOOTPRINTS PRESCHOOL PTE LTD,2024-07-01,36
PT9304,LITTLE FOOTPRINTS PRESCHOOL PTE LTD,2025-10-10,24
PT9701,Little Footprints Preschool Pte Ltd,2025-09-01,24
PT1900,LITTLE FOOTPRINTS PRESCHOOL PTE. LTD.,2025-09-04,36
PT8539,LITTLE FOOTPRINTS PRESCHOOL PTE. LTD.,2025-07-01,36
PT8572,LITTLE FOOTPRINTS PRESCHOOL PTE. LTD.,2024-01-07,36
PT8688,LITTLE FOOTPRINTS PRESCHOOL PTE. LTD.,2025-08-01,36
PT8703,LITTLE FOOTPRINTS PRESCHOOL PTE. LTD.,2024-05-01,36
PT8924,LITTLE FOOTPRINTS PRESCHOOL PTE. LTD.,2024-03-12,36
PT9012,LITTLE FOOTPRINTS PRESCHOOL PTE. LTD.,2025-01-03,36
PT9073,LITTLE FOOTPRINTS PRESCHOOL PTE. LTD.,2024-08-28,24
PT9098,LITTLE FOOTPRINTS PRESCHOOL PTE. LTD.,2026-01-01,24
PT9243,LITTLE FOOTPRINTS PRESCHOOL PTE. LTD.,2024-04-01,36
PT9260,LITTLE FOOTPRINTS PRESCHOOL PTE. LTD.,2024-05-16,36
PT9397,LITTLE FOOTPRINTS PRESCHOOL PTE. LTD.,2025-11-01,36
PT8414,LITTLE FOOTPRINTS SCHOOLHOUSE (YISHUN) PTE. LTD.,2025-09-27,36
PT9804,LITTLE GREENHOUSE @ ALJUNIED PTE. LTD.,2026-02-11,24
PT9037,Little Greenhouse @ Anchorvale Pte Ltd,2025-03-06,24
PT8412,LITTLE GREENHOUSE @ BUKIT BATOK PTE LTD,2025-05-26,36
PT9149,Little Greenhouse @ Fernvale Pte Ltd,2025-12-01,24
PT8972,LITTLE GREENHOUSE @ HOUGANG PTE LTD,2025-09-01,24
PT9056,LITTLE GREENHOUSE @ JW 502 PTE. LTD.,2025-07-07,36
PT9293,Little Greenhouse @ Punggol Pte Ltd,2024-09-01,36
PT6330,Little Greenhouse @ Rivervale SB Pte Ltd,2025-09-10,36
PT9086,LITTLE GREENHOUSE @ RIVERVALE WK PTE LTD,2025-12-01,36
PT7880,LITTLE GREENHOUSE @ S540 PTE LTD,2025-12-01,36
PT3300,LITTLE GREENHOUSE @ S553 PTE LTD,2025-05-23,36
PT9112,Little Greenhouse @ Sembawang Pte Ltd,2026-03-01,36
PT8140,LITTLE GREENHOUSE @ TAMPINES EAST PTE. LTD.,2025-11-21,36
PT8974,LITTLE GREENHOUSE @ TAMPINES PTE. LTD.,2025-09-01,24
PT8939,LITTLE GREENHOUSE @ WOODLANDS PTE. LTD.,2024-05-01,36
PT8774,LITTLE GREENHOUSE CHILDCARE & DEVELOPMENT PTE. LTD.,2025-08-03,36
PT9121,Little Kinder Montessori @ Hillview,2026-03-31,36
PT9315,Little Kinder Montessori @ Kent Ridge,2024-01-01,36
PT9308,Little Kinder Montessori @ Marymount Pte Ltd,2024-11-15,36
PT9913,Little Kinder Montessori @ Pasir Panjang Pte. Ltd.,2026-07-01,24
PT8943,Little Kinder Montessori @ Westwood Pte. Ltd.,2026-06-01,36
RC0810,Little Learners Childcare Ltd,2026-01-16,36
PT9678,LITTLE OAKS MONTESSORI PLAYGROUP PTE LTD,2024-11-04,36
PW0020,Little Olive Tree,2025-02-01,36
PW0040,Little Olive Tree,2024-08-01,36
PW0060,Little Olive Tree,2025-08-01,36
PW0080,Little Olive Tree,2025-02-01,36
PW0090,Little Olive Tree,2024-10-04,36
PW0100,LITTLE OLIVE TREE,2025-01-11,36
PW0110,Little Olive Tree,2024-11-02,36
PW0120,Little Olive Tree,2024-10-01,36
PW0121,Little Olive Tree,2024-07-01,36
PW0122,Little Olive Tree,2025-06-08,36
RC0500,Little Olive Tree,2026-06-04,24
RC1020,Little Olive Tree (Bethany),2024-08-01,36
RC1888,Little Olive Tree (Bethesda Depot Walk),2023-11-05,36
PT9773,Little Olive Tree (FMC Farrer Park),2026-04-01,24
RC1560,Little Olive Tree (Rochor),2024-03-01,36
RC1923,Little Olive Tree (Thomson),2026-01-01,12
PT9050,LITTLE OXFORD @ BARTLEY PTE LTD,2025-07-01,36
PT9887,LITTLE OXFORD @ EAST COAST PTE LTD,2025-02-24,24
PT9830,Little Oxford @ SK02 Pte Ltd,2025-05-03,24
PT9824,Little Oxford @ SK48 Pte. Ltd.,2025-02-25,24
PT9802,Little Paddington Preschool and Infant Care Kent Ridge,2026-07-02,36
PT9206,Little Paddington Preschool Balmoral Private Limited,2025-03-05,36
PT9783,Little Paddington Preschool Bartley,2026-02-19,36
PT9521,LITTLE PADDINGTON PRESCHOOL EC PTE LTD,2024-02-01,36
PT9182,LITTLE PADDINGTON PRESCHOOL SERANGOON PTE. LTD.,2024-09-01,36
PT9845,Little Paddington Preschool Stirling Pte Ltd,2025-11-14,24
PT9457,LITTLE PADDINGTON PRESCHOOL TANGLIN PARK PTE LTD,2026-06-01,36
PT9305,LITTLE PADDINGTON PRESCHOOL TANGLIN PTE LTD,2024-10-17,36
PT9447,Little Paddington Preschool Thomson Walk Pte. Ltd.,2026-04-07,36
PT9914,Little Paddington Preschool Winchester Pte Ltd,2025-11-07,24
PT9815,Little Petals @ Symphony Pte Ltd,2024-11-21,24
RC0090,Little Seeds Preschool,2025-06-27,36
RC0430,Little Seeds Preschool,2024-12-27,36
RC0470,Little Seeds Preschool,2025-07-15,36
RC0610,Little Seeds Preschool,2024-03-17,36
RC1400,Little Seeds Preschool,2024-08-01,36
RC1824,Little Seeds Preschool,2026-01-01,24
RC1825,Little Seeds Preschool,2024-12-30,24
RC1877,Little Seeds Preschool,2026-01-01,24
RC1878,Little Seeds Preschool,2026-01-02,24
RC1886,Little Seeds Preschool,2026-01-01,24
RC1896,Little Seeds Preschool,2024-09-26,36
RC1897,Little Seeds Preschool,2025-10-01,24
RC1900,Little Seeds Preschool,2025-11-26,36
RC1901,Little Seeds Preschool,2024-01-02,36
RC1902,Little Seeds Preschool,2025-05-27,36
RC1903,Little Seeds Preschool,2025-09-23,36
RC1904,Little Seeds Preschool,2026-01-04,36
RC0420,Little Shepherds' Schoolhouse@Church of Our Lady Star of the Sea,2026-06-16,36
RC1220,Little Shepherds' Schoolhouse@Church of St Anthony,2026-03-15,36
RC1830,Little Shepherds' Schoolhouse@Church of St Francis of Assisi-JW,2025-03-17,36
RC1867,Little Shepherds' Schoolhouse@Church of St Francis Xavier,2024-03-28,36
RC1803,Little Shepherds' Schoolhouse@Church of the Holy Trinity,2024-02-09,36
RC1690,Little Shepherds' Schoolhouse@St Joseph's Church,2025-04-11,36
PT9692,Little Skittles International Preschool,2025-03-13,24
PT9819,Little Sprouts Montessori,2025-01-14,24
PT7310,LITTLE TALENT CHILDCARE CENTRE PTE. LTD.,2024-09-01,36
PT3740,LITTLE TREASURES CHILDCARE @ HOUGANG PTE.LTD.,2024-08-01,36
PT9343,LITTLE TREASURES CHILDCARE @ WDLS CIRCLE PTE LTD,2025-02-17,36
PT8848,LITTLE TREASURES CHILDCARE(WOODLANDS) PTE. LIMITED,2024-06-28,36
PT9077,LITTLE TREE HOUSE @ HOUGANG PTE. LTD.,2023-10-01,36
PT9905,Little Unicorn Preschool,2025-07-16,24
PT8433,LITTLE VILLAGE ON THE GRANGE,2025-01-03,36
PT9681,Little Woods Montessori,2024-09-23,24
PT9642,LITTLESPARKS MONTESSORI AND ENRICHMENT CENTRE PTE LTD,2024-12-19,36
PT9796,Living Sanctuary Childcare,2026-06-01,36
PT9579,Lodestar Montessori Preschool Pte Ltd,2023-09-10,36
PT9165,Lorna Whiston (Canberra),2025-10-14,36
PT8980,Lorna Whiston (East Coast),2025-04-11,36
PT9219,Lorna Whiston (Greenwich),2026-06-09,24
PT6560,Lorna Whiston (Hort Park),2024-01-13,36
PT8690,Lorna Whiston (Kallang Wave),2025-03-01,36
PT9661,Lumiere Montessori House,2026-03-02,24
PT9870,LUMIERE MONTESSORI HOUSE @ MACPHERSON,2024-07-27,24
PT9635,Lumiere Montessori House Pte Ltd,2024-09-11,36
PT9932,Lumina International School,2025-09-01,12
RC1785,LUTHER PRESCHOOL,2026-01-01,36
RC1710,MACPHERSON SHENG HONG CHILDCARE CENTRE,2025-01-11,36
PT9061,MAPLE BEAR ACADEMY PTE. LTD.,2025-07-21,36
PT6360,MAPLE BEAR EDUCARE PTE LTD,2025-03-13,36
PT9176,MAPLE BEAR EDUCARE PTE. LTD.,2023-08-19,36
PT9520,MAPLE BEAR EDUCARE PTE. LTD.,2024-01-14,36
PT9536,MAPLE BEAR LEARNING PLACE PTE. LTD.,2024-03-22,36
PT9920,Maple Bear Newton,2026-01-27,24
PT9231,MAPLE BEAR PLAYHOUSE PTE. LTD.,2025-02-02,36
PT9251,MAPLE BEAR PRESCHOOL PTE. LTD.,2023-10-13,36
PT9656,MAPLEBEAR ADAM,2025-01-02,24
PT9755,MAPLEBEAR ALPHA,2025-09-01,36
PT8683,Maplebear Bright Learners Pte. Ltd.,2025-06-24,36
PT9393,MAPLEBEAR DEVELOPMENT CENTRE PTE LTD,2025-10-26,36
PT9487,MAPLEBEAR DISCOVERY LAND PTE. LTD.,2023-09-27,36
PT9433,MAPLEBEAR DISCOVERY PTE LTD,2026-02-01,36
PT9405,MAPLEBEAR EARLY ACHIEVERS PTE LTD,2025-11-13,36
PT9743,MapleBear Early Development Pte Ltd,2025-03-09,36
PT9352,MAPLEBEAR EARLY LEARNING PTE LTD,2025-03-21,36
PT9524,MAPLEBEAR EARLY YEARS PTE LTD,2024-02-01,36
PT9453,MAPLEBEAR ELITE PRESCHOOL PTE LTD,2026-05-12,36
PT9349,MAPLEBEAR EXPLORERS PTE. LTD.,2025-03-20,36
PT9651,MapleBear Gracefields Pte Ltd,2023-12-27,36
PT8597,MAPLEBEAR GRANDSTAND PTE LTD,2024-12-20,24
PT9791,MapleBear Joyful Woods PreSchool Pte Ltd,2026-04-20,36
PT9747,MapleBear Jubilee Pte Ltd,2025-04-01,36
PT9300,MapleBear Juniors Pte Ltd,2024-10-01,36
PT9537,MAPLEBEAR JUNIORS PTE. LTD.,2024-03-22,36
PT8791,MapleBear Jurong Lakeside,2025-12-28,24
PT9816,Maplebear Kids Adventure Pte Ltd,2024-12-06,24
PT9900,MapleBear Kids Campus Pte Ltd,2025-05-16,24
PT9280,MAPLEBEAR KIDS' KINGDOM PTE. LTD.,2024-07-11,36
PT9432,MAPLEBEAR LEARNING CENTRE PTE LTD,2026-02-01,36
PT9428,MAPLEBEAR LEARNING GARDEN PTE LTD,2026-01-15,36
PT9448,MAPLEBEAR LEARNING HOUSE PTE LTD,2026-04-07,36
PT9493,MAPLEBEAR LEARNING LADDER PTE LTD,2023-12-15,36
PT9749,MAPLEBEAR LEARNING POINT PTE LTD,2025-05-11,36
PT9506,MAPLEBEAR LEARNING SCHOOLHOUSE PTE LTD,2023-12-01,36
PT9728,MapleBear Lighthouse Pte Ltd,2025-01-01,36
PT9338,MAPLEBEAR LITTLE CAMPUS PTE LTD,2025-02-04,36
PT9814,MAPLEBEAR LITTLE FEATS PTE LTD,2024-11-19,24
PT9365,MAPLEBEAR LITTLE GEMS PTE LTD,2025-05-29,36
PT9364,MAPLEBEAR LITTLE LIGHTHOUSE PTE LTD,2025-05-13,36
PT8160,MapleBear Little Schoolhouse Pte Ltd,2025-04-28,24
PT9724,MapleBear Mediapolis,2024-12-03,36
PT9930,MAPLEBEAR MOUNTBATTEN,2025-08-04,12
PT9917,MapleBear Novena,2025-12-04,24
PT9944,MapleBear Playworks @ BT Pte Ltd,2026-02-13,12
PT9778,MAPLEBEAR PLAYWORKS @CBP PTE LTD,2026-01-18,36
PT9734,MapleBear Playworks Pte.Ltd.,2025-02-01,36
PT9237,MAPLEBEAR PREP SCHOOL PTE LTD,2026-01-30,36
PT9803,MAPLEBEAR REDHILL,2024-08-04,24
PT9198,MAPLEBEAR SCHOOLHOUSE PTE. LTD.,2023-11-01,36
PT9531,MAPLEBEAR SHINING STARS PTE LTD,2024-03-01,36
PT9286,MAPLEBEAR SMART LEARNERS PTE LTD,2024-07-19,36
PT9297,MAPLEBEAR SMARTCUBS PTE. LTD.,2024-09-01,36
PT9923,MAPLEBEAR TAPESTRY,2026-04-24,24
PT9829,MapleBear Tiny Learners Pte Ltd,2025-04-24,24
PT9813,MapleBear Tree House Pte Ltd,2024-11-16,36
PT9466,MAPLEBEAR WHIZ KIDS PTE. LTD.,2026-07-01,36
PT9954,Marist Preschool Pte Ltd,2026-07-01,12
RC1857,Marymount Preschool,2026-05-08,12
PT8689,MASTERMINDS MONTESSORI HILLVIEW PTE. LTD.,2025-08-06,36
PT9602,MASTERMINDS MONTESSORI KINDERGARTEN,2023-09-26,36
PT8718,MASTERMINDS MONTESSORI SENGKANG PTE. LTD.,2026-05-29,36
PT9638,MFC KINDERGARTEN,2024-03-24,36
PT9666,MFC KINDERGARTEN,2025-03-30,24
PT9732,Milagros de Montessori School - Queens Close,2026-07-01,24
PT9387,MINDCHAMPS CHINESE PRESCHOOL @ CECIL ST PTE LTD,2025-09-14,36
PT9888,MindChamps Chinese PreSchool @ Dairy Farm,2025-03-01,24
PT9229,MINDCHAMPS CHINESE PRESCHOOL@TAMPINES CENTRAL PRIVATE LIMITED,2024-01-29,36
PT9386,MINDCHAMPS CHINESE PRESCHOOL@THOMSON PTE. LIMITED,2025-09-13,36
PT8598,MindChamps Performing Arts International PreSchool @ Changi Business Park PTE LTD,2024-07-01,36
PT8994,MindChamps Performing Arts International PreSchool @ Marina Square,2023-11-11,36
PT8983,MindChamps Performing Arts International PreSchool @ Upper Thomson Pte Ltd,2024-10-22,36
PT9950,MindChamps Performing Arts Preschool @ Loyang,2026-05-07,12
PT9074,MINDCHAMPS PRESCHOOL @ BEDOK PTE. LTD.,2025-09-03,36
PT8925,MINDCHAMPS PRESCHOOL @ BISHAN PTE. LTD.,2025-03-19,36
PT9468,MINDCHAMPS PRESCHOOL @ BUONA VISTA PTE LTD,2023-08-01,36
PT9306,MINDCHAMPS PRESCHOOL @ CHANGI AIRPORT,2025-04-29,36
PT8653,MINDCHAMPS PRESCHOOL @ CITY SQUARE PTE. LTD,2025-03-03,36
PT8575,MindChamps PreSchool @ East Coast,2025-02-01,36
PT9177,MINDCHAMPS PRESCHOOL @ HOLLAND V PTE. LTD.,2023-09-01,36
PT8704,MINDCHAMPS PRESCHOOL @ JTC SUMMIT PTE. LTD.,2024-11-03,36
PT8910,MINDCHAMPS PRESCHOOL @ JURONG WEST PTE. LTD.,2024-01-04,36
PT8727,MINDCHAMPS PRESCHOOL @ MBC PTE. LTD.,2025-02-01,36
PT9505,MINDCHAMPS PRESCHOOL @ NORDCOM II PTE. LIMITED,2023-12-06,36
PT8730,MINDCHAMPS PRESCHOOL @ PARAGON PTE. LIMITED,2024-02-18,36
PT9907,MindChamps PreSchool @ Pasir Ris,2025-08-01,24
PT9259,MindChamps PreSchool @ Punggol Digital District,2024-05-09,36
PT8992,MINDCHAMPS PRESCHOOL @ RIVER VALLEY PTE. LTD.,2024-12-12,36
PT9858,MindChamps PreSchool @ Sengkang Pte Ltd,2026-03-20,24
PT8908,MINDCHAMPS PRESCHOOL @ SERANGOON PTE. LIMITED,2025-12-29,36
PT9419,Mindchamps Preschool @ Stevens Pte. Ltd.,2025-12-26,36
PT8609,MINDCHAMPS PRESCHOOL @ TAMPINES CENTRAL 6 PTE. LTD.,2024-08-15,36
PT9760,Mindchamps Preschool @ Temasek Club Pte Ltd,2025-11-02,36
PT8524,MINDCHAMPS PRESCHOOL @ TPY PTE. LIMITED,2025-04-21,36
PT9175,MINDCHAMPS PRESCHOOL @ WEST COAST PLAZA PTE. LIMITED,2023-09-02,36
PT8962,MindChamps PreSchool @ Woodlands,2024-07-09,36
PT9043,MINDCHAMPS PRESCHOOL @ YIO CHU KANG PTE. LTD.,2025-05-15,36
PT9188,MINDCHAMPS PRESCHOOL @ YISHUN PTE. LTD.,2023-10-01,36
PT8958,MINDCHAMPS PRESCHOOL @ ZHONGSHAN PARK PTE. LTD.,2024-07-01,36
PT9130,MINDCHAMPS PRESCHOOL @JUNCTION 10 PTE LIMITED,2026-04-23,36
PT9469,MINDCHAMPS PRESCHOOL@BOON KENG PTE LTD,2026-07-09,36
PT9464,MINDCHAMPS PRESCHOOL@FUSION PTE LTD,2026-06-25,36
PT9410,MINDCHAMPS PRESCHOOL@ONE RAFFLES PLACE PTE.LTD,2025-12-01,36
PT9253,MINDCHAMPS PS @ BUANGKOK PTE.LIMITED,2024-04-20,36
PT8375,MLC (BEDOK RESERVOIR) PTE. LTD.,2025-02-01,36
PT9134,MLC (PASIR RIS) PTE. LTD,2026-05-01,36
PT9137,MLC (SEMBAWANG) PTE. LTD.,2026-05-01,36
PT9135,MLC (YISHUN) PTE. LTD.,2026-05-01,36
PT9481,MLK EDUCATION PTE. LTD.,2023-08-14,36
PT9885,MMI HOLLAND GROVE PTE LTD,2025-02-05,24
PT4910,MONTESSORI @ GRACELAND PTE LTD,2025-10-01,36
PT9649,Montessori Children's House,2024-02-06,36
RC1150,MORIAH CHILD CARE AND DEVELOPMENT CENTRE,2024-03-09,36
PT9831,MOSAIC PRESCHOOL EUNOS,2025-05-16,36
PT8437,Mosaic Preschool Siglap Pte Ltd,2025-01-11,36
RC1876,Muhammadiyah Kindergarten,2024-03-05,36
RC1811,Mujahidin Mosque Kindergarten,2023-09-12,36
PT9788,MULBERRY LEARNING  CENTRE @ SIXTH AVENUE PTE. LTD.,2026-04-07,36
PT9412,Mulberry Learning @ Bedok,2025-12-01,36
PT9805,MULBERRY LEARNING @ BUKIT BATOK,2024-08-26,24
PT9955,Mulberry Learning @ Lucky Heights,2026-07-10,12
PT1230,Mulberry Learning @ Somerset,2024-06-01,36
PT9952,MULBERRY LEARNING @ TENGAH,2026-06-01,12
PT9122,MULBERRY LEARNING @ WOODLANDS PTE. LTD.,2026-03-30,36
PT9838,Mulberry Learning Centre @ ATP Pte Ltd,2025-07-08,24
PT9929,Mulberry Learning Centre @ Bishan,2025-08-08,12
PT9884,Mulberry Learning Centre @ Clarke Quay Pte Ltd,2025-02-01,24
PT9825,Mulberry Learning Centre @ Dover Pte. Ltd.,2025-03-01,24
PT6370,MULBERRY LEARNING CENTRE @ EAST COAST PTE. LTD.,2025-03-03,36
PT8456,Mulberry Learning Centre @ Kovan Pte Ltd,2025-10-01,24
PT9945,Mulberry Learning Centre @ Lentor Pte.Ltd.,2026-04-01,12
PT9383,Mulberry Learning Centre @ OUE Pte Ltd,2025-08-01,36
PT9883,Mulberry Learning Centre @ Tai Seng Pte.Ltd.,2025-01-30,24
PT9162,MULBERRY LEARNING CENTRE @ TOA PAYOH PTE. LTD.,2026-07-09,36
PT9196,MULBERRY LEARNING CENTRE ALEXANDRA PTE LTD,2026-03-20,36
PT9267,MULBERRY LEARNING CENTRE CENTRAL PTE LTD,2024-06-11,36
PT9817,Mulberry Learning Centre International Pte Ltd,2026-01-03,12
PT8706,MULBERRY LEARNING CENTRE INTERNATIONAL PTE. LTD.,2024-07-02,36
PT9740,MULBERRY LEARNING CENTRE@FUSIONOPOLIS PTE. LTD.,2025-02-18,36
PT8749,MULBERRY LEARNING CENTRE@TANJONG PAGAR PTE. LTD,2025-11-10,12
NC0001,MY FIRST SKOOL,2024-10-01,36
NC0002,MY FIRST SKOOL,2023-09-28,36
NT0010,MY FIRST SKOOL,2025-03-15,36
NT0020,MY FIRST SKOOL,2024-09-15,36
NT0030,MY FIRST SKOOL,2025-09-15,36
NT0060,MY FIRST SKOOL,2025-09-01,36
NT0070,MY FIRST SKOOL,2024-06-15,36
NT0090,MY FIRST SKOOL,2024-07-22,36
NT0110,MY FIRST SKOOL,2024-01-18,36
NT0180,MY FIRST SKOOL,2024-03-01,36
NT0190,MY FIRST SKOOL,2025-09-15,36
NT0200,MY FIRST SKOOL,2024-08-01,36
NT0210,MY FIRST SKOOL,2024-10-01,36
NT0220,MY FIRST SKOOL,2025-06-02,36
NT0230,MY FIRST SKOOL,2025-08-10,36
NT0240,MY FIRST SKOOL,2025-07-11,36
NT0250,MY FIRST SKOOL,2024-04-01,36
NT0270,MY FIRST SKOOL,2024-07-02,36
NT0280,MY FIRST SKOOL,2025-09-04,36
NT0290,MY FIRST SKOOL,2024-09-25,36
NT0300,MY FIRST SKOOL,2024-05-18,36
NT0310,MY FIRST SKOOL,2024-02-04,36
NT0320,MY FIRST SKOOL,2025-06-01,36
NT0330,MY FIRST SKOOL,2025-01-03,36
NT0340,MY FIRST SKOOL,2024-07-03,36
NT0350,MY FIRST SKOOL,2025-12-01,36
NT0360,MY FIRST SKOOL,2024-02-01,36
NT0370,MY FIRST SKOOL,2024-02-01,36
NT0390,MY FIRST SKOOL,2024-08-15,36
NT0400,MY FIRST SKOOL,2024-01-02,36
NT0410,MY FIRST SKOOL,2025-01-02,36
NT0430,MY FIRST SKOOL,2025-09-16,36
NT0440,MY FIRST SKOOL,2024-01-02,36
NT0450,MY FIRST SKOOL,2025-01-02,36
NT0460,MY FIRST SKOOL,2025-01-15,36
NT0470,MY FIRST SKOOL,2024-02-01,36
NT0471,MY FIRST SKOOL,2024-09-05,36
NT0472,MY FIRST SKOOL,2024-12-08,36
NT0473,MY FIRST SKOOL,2024-11-01,36
NT0474,MY FIRST SKOOL,2024-08-25,36
NT0476,MY FIRST SKOOL,2024-05-28,36
NT0477,MY FIRST SKOOL,2024-06-01,36
NT0478,MY FIRST SKOOL,2024-12-14,36
NT0479,MY FIRST SKOOL,2025-01-01,36
NT0480,MY FIRST SKOOL,2025-01-04,36
NT0481,MY FIRST SKOOL,2025-01-04,36
NT0482,MY FIRST SKOOL,2025-01-11,36
NT0483,MY FIRST SKOOL,2025-01-18,36
NT0484,MY FIRST SKOOL,2025-01-18,36
NT0485,MY FIRST SKOOL,2025-02-01,36
NT0487,MY FIRST SKOOL,2025-02-01,36
NT0488,MY FIRST SKOOL,2025-08-21,36
NT0489,MY FIRST SKOOL,2025-09-10,36
NT0490,MY FIRST SKOOL,2025-10-01,36
NT0492,MY FIRST SKOOL,2025-10-01,36
NT0493,MY FIRST SKOOL,2025-11-01,36
NT0494,MY FIRST SKOOL,2025-11-01,36
NT0495,MY FIRST SKOOL,2025-11-01,36
NT0496,MY FIRST SKOOL,2025-11-01,36
NT0497,MY FIRST SKOOL,2025-12-01,36
NT0498,MY FIRST SKOOL,2025-11-11,36
NT0499,MY FIRST SKOOL,2025-12-01,36
NT0500,MY FIRST SKOOL,2025-07-03,36
NT0501,MY FIRST SKOOL,2024-01-03,36
NT0502,MY FIRST SKOOL,2024-01-03,36
NT0503,MY FIRST SKOOL,2024-01-03,36
NT0504,MY FIRST SKOOL,2024-01-03,36
NT0505,MY FIRST SKOOL,2025-01-09,36
NT0506,MY FIRST SKOOL,2024-02-01,36
NT0507,MY FIRST SKOOL,2024-01-17,36
NT0508,MY FIRST SKOOL,2024-02-01,36
NT0509,MY FIRST SKOOL,2024-02-01,36
NT0510,MY FIRST SKOOL,2024-06-01,36
NT0511,MY FIRST SKOOL,2024-05-03,36
NT0513,MY FIRST SKOOL,2024-04-24,36
NT0515,MY FIRST SKOOL,2024-08-01,36
NT0516,MY FIRST SKOOL,2024-10-01,36
NT0517,MY FIRST SKOOL,2024-10-01,36
NT0518,MY FIRST SKOOL,2024-11-01,36
NT0519,MY FIRST SKOOL,2024-11-01,36
NT0520,MY FIRST SKOOL,2024-12-01,36
NT0521,MY FIRST SKOOL,2024-11-15,36
NT0524,MY FIRST SKOOL,2024-01-18,36
NT0526,MY FIRST SKOOL,2025-05-02,36
NT0527,MY FIRST SKOOL,2025-06-01,36
NT0528,MY FIRST SKOOL,2025-06-18,36
NT0530,MY FIRST SKOOL,2025-11-01,36
NT0531,MY FIRST SKOOL,2025-11-01,36
NT0532,MY FIRST SKOOL,2024-10-26,36
NT0533,MY FIRST SKOOL,2024-01-02,36
NT0534,MY FIRST SKOOL,2024-01-02,36
NT0535,MY FIRST SKOOL,2024-02-01,36
NT0536,MY FIRST SKOOL,2024-03-01,36
NT0537,MY FIRST SKOOL,2024-05-01,36
NT0538,MY FIRST SKOOL,2024-10-07,36
NT0539,MY FIRST SKOOL,2024-07-01,36
NT0540,MY FIRST SKOOL,2024-07-01,36
NT0541,MY FIRST SKOOL,2024-12-01,36
NT0542,MY FIRST SKOOL,2024-12-01,36
NT0543,MY FIRST SKOOL,2024-12-16,36
NT0544,MY FIRST SKOOL,2025-01-02,36
NT0545,MY FIRST SKOOL,2024-12-23,36
NT0546,MY FIRST SKOOL,2024-12-31,36
NT0547,MY FIRST SKOOL,2025-04-01,36
NT0548,MY FIRST SKOOL,2025-05-02,36
NT0549,MY FIRST SKOOL,2025-08-01,36
NT0550,MY FIRST SKOOL,2025-02-01,36
NT0551,MY FIRST SKOOL,2025-08-06,36
NT0552,MY FIRST SKOOL,2025-09-15,36
NT0553,MY FIRST SKOOL,2025-12-01,36
NT0554,MY FIRST SKOOL,2025-12-15,36
NT0555,MY FIRST SKOOL,2026-01-02,36
NT0556,MY FIRST SKOOL,2026-01-15,36
NT0557,MY FIRST SKOOL,2026-03-01,36
NT0558,MY FIRST SKOOL,2026-04-01,36
NT0559,MY FIRST SKOOL,2026-04-06,36
NT0560,MY FIRST SKOOL,2023-07-18,36
NT0561,MY FIRST SKOOL,2023-10-15,36
NT0563,MY FIRST SKOOL,2025-05-22,36
NT0564,MY FIRST SKOOL,2024-07-07,36
NT0565,MY FIRST SKOOL,2024-09-05,36
NT0566,MY FIRST SKOOL,2025-01-03,36
NT0567,MY FIRST SKOOL,2025-02-01,36
NT0568,MY FIRST SKOOL,2025-02-13,36
NT0569,MY FIRST SKOOL,2025-03-01,36
NT0570,MY FIRST SKOOL,2025-03-08,36
NT0571,MY FIRST SKOOL,2025-04-01,36
NT0572,MY FIRST SKOOL,2025-06-01,36
NT0573,MY FIRST SKOOL,2025-06-01,36
NT0574,MY FIRST SKOOL,2026-01-03,36
NT0575,MY FIRST SKOOL,2026-01-10,36
NT0576,MY FIRST SKOOL,2026-01-19,36
NT0577,MY FIRST SKOOL,2026-01-24,36
NT0578,MY FIRST SKOOL,2026-03-31,36
NT0579,MY FIRST SKOOL,2026-03-26,36
NT0580,MY FIRST SKOOL,2026-04-30,36
NT0581,MY FIRST SKOOL,2026-05-18,36
NT0582,MY FIRST SKOOL,2026-06-29,36
NT0583,MY FIRST SKOOL,2024-02-25,36
NT0584,MY FIRST SKOOL,2024-03-15,36
NT0590,My First Skool,2024-06-17,36
NT0591,My First Skool,2024-07-23,36
NT0592,MY FIRST SKOOL,2024-11-01,36
NT0593,My First Skool,2025-03-12,36
NT0594,MY FIRST SKOOL,2025-04-08,24
NT0595,MY FIRST SKOOL,2025-06-24,24
NT0596,MY FIRST SKOOL,2025-10-25,24
NT0597,My First Skool,2025-11-15,24
NT0598,My First Skool,2025-12-15,24
NT0599,My First Skool,2026-02-15,24
NT0600,My First Skool,2026-03-31,24
NT0601,MY FIRST SKOOL,2026-05-18,24
NT0602,MY FIRST SKOOL,2026-06-20,24
NT0603,My First Skool,2026-07-14,24
NT0604,My First Skool,2024-08-01,24
NT0605,My First Skool,2024-09-15,24
NT0606,MY FIRST SKOOL,2024-12-01,24
NT0607,MY FIRST SKOOL,2024-12-15,24
NT0608,MY FIRST SKOOL,2025-03-15,24
NT0609,MY FIRST SKOOL,2025-09-12,24
NT0610,MY FIRST SKOOL,2025-10-11,24
NT0611,MY FIRST SKOOL,2026-03-14,24
NT0612,MY FIRST SKOOL,2025-09-01,12
NT0615,MY FIRST SKOOL,2025-09-02,12
NT0616,My First Skool,2025-12-01,12
NT0617,My First Skool,2026-05-15,12
PT9525,MY LEARNING HAVEN (SUNTEC),2024-02-01,36
PT9052,MY LITTLE GEMS PRIVATE LIMITED,2024-06-24,36
PT9637,My Prep School Pte. Ltd.,2025-01-29,36
PT9265,MY TALENT CHILDCARE CENTRE PTE. LTD.,2024-06-01,36
YM0166,MY WORLD PRESCHOOL LTD,2024-10-26,36
YM0167,MY WORLD PRESCHOOL LTD,2024-12-01,36
YM0170,MY WORLD PRESCHOOL LTD,2025-07-01,36
YM0171,MY WORLD PRESCHOOL LTD,2025-08-16,36
YM0172,MY WORLD PRESCHOOL LTD,2026-06-06,36
YM0173,MY WORLD PRESCHOOL LTD,2026-06-10,36
YM0174,MY WORLD PRESCHOOL LTD,2026-07-01,24
YM0175,MY WORLD PRESCHOOL LTD,2024-01-02,36
YM0176,MY WORLD PRESCHOOL LTD,2024-01-02,36
YM0183,MY WORLD PRESCHOOL LTD,2024-10-24,36
YM0184,MY WORLD PRESCHOOL LTD,2024-12-15,36
YM0187,MY WORLD PRESCHOOL LTD,2025-10-12,36
YM0188,MY WORLD PRESCHOOL LTD,2025-12-16,36
YM0189,MY WORLD PRESCHOOL LTD,2025-12-25,36
YM0190,MY WORLD PRESCHOOL LTD,2026-01-29,36
YM0191,MY WORLD PRESCHOOL LTD,2026-04-15,36
YM0192,MY WORLD PRESCHOOL LTD,2026-05-07,36
YM0030,MY WORLD PRESCHOOL LTD.,2024-06-27,36
YM0050,MY WORLD PRESCHOOL LTD.,2025-06-27,36
YM0060,MY WORLD PRESCHOOL LTD.,2024-07-03,36
YM0070,MY WORLD PRESCHOOL LTD.,2025-07-02,36
YM0080,MY WORLD PRESCHOOL LTD.,2025-01-01,36
YM0090,MY WORLD PRESCHOOL LTD.,2025-02-01,36
YM0100,MY WORLD PRESCHOOL LTD.,2025-07-01,36
YM0110,MY WORLD PRESCHOOL LTD.,2025-02-01,36
YM0130,MY WORLD PRESCHOOL LTD.,2024-09-07,36
YM0140,MY WORLD PRESCHOOL LTD.,2023-08-17,36
YM0151,MY WORLD PRESCHOOL LTD.,2025-09-15,36
YM0152,MY WORLD PRESCHOOL LTD.,2025-09-15,36
YM0154,MY WORLD PRESCHOOL LTD.,2026-02-24,36
YM0155,MY WORLD PRESCHOOL LTD.,2025-05-01,36
YM0156,MY WORLD PRESCHOOL LTD.,2026-07-01,36
YM0157,MY WORLD PRESCHOOL LTD.,2026-07-01,36
YM0158,MY WORLD PRESCHOOL LTD.,2026-07-01,36
YM0159,MY WORLD PRESCHOOL LTD.,2026-07-01,36
YM0160,MY WORLD PRESCHOOL LTD.,2026-07-01,36
YM0161,MY WORLD PRESCHOOL LTD.,2024-07-11,36
YM0162,MY WORLD PRESCHOOL LTD.,2023-08-01,36
YM0163,MY WORLD PRESCHOOL LTD.,2023-09-01,36
YM0164,MY WORLD PRESCHOOL LTD.,2024-11-24,36
YM0165,MY WORLD PRESCHOOL LTD.,2024-06-01,36
YM0168,MY WORLD PRESCHOOL LTD.,2025-03-16,36
YM0169,MY WORLD PRESCHOOL LTD.,2025-05-01,36
YM0185,MY WORLD PRESCHOOL LTD.,2023-11-01,36
YM0186,MY WORLD PRESCHOOL LTD.,2023-11-01,36
YM0193,MY WORLD PRESCHOOL LTD.,2025-10-26,24
YM0194,MY WORLD PRESCHOOL LTD.,2026-07-05,24
YM0195,MY WORLD PRESCHOOL LTD.,2026-07-10,24
YM0196,MY WORLD PRESCHOOL LTD.,2024-08-14,24
YM0197,MY WORLD PRESCHOOL LTD.,2024-10-02,24
YM0198,MY WORLD PRESCHOOL LTD.,2025-03-08,24
YM0199,MY WORLD PRESCHOOL LTD.,2025-06-03,24
YM0200,MY WORLD PRESCHOOL LTD.,2025-07-05,24
YM0201,MY WORLD PRESCHOOL LTD.,2026-06-02,24
YM0202,MY WORLD PRESCHOOL LTD.,2026-06-02,24
YM0203,MY WORLD PRESCHOOL LTD.,2026-06-16,24
YM0204,MY WORLD PRESCHOOL LTD.,2026-07-01,24
YM0205,MY WORLD PRESCHOOL LTD.,2026-02-02,12
PT9495,NAFA ARTS PRESCHOOL,2023-11-05,36
PT9880,NAFA Arts Preschool (Luzerne Campus),2025-01-01,24
RC1881,Nanyang Kindergarten,2023-11-07,36
RC1882,Nanyang Kindergarten,2023-09-12,36
PT9311,NASHWA CHILDCARE CENTRE PTE. LTD.,2025-12-01,36
PT9079,Nest Preschool Bidadari Pte Ltd,2025-10-01,24
PT6720,Nest Preschool Bishan Pte. Ltd.,2025-03-10,36
PT8950,Nest Preschool Hillview Pte. Ltd.,2026-06-20,36
PT9823,Nest Preschool Ubi,2025-02-15,24
RC1767,NEW LIFE COMMUNITY SERVICES,2024-05-18,36
RC1778,NEW LIFE COMMUNITY SERVICES,2024-04-01,36
RC1838,New Life Kindercare,2025-01-01,36
RC1915,New Life Preschool @ Bedok,2024-11-18,36
RC1921,New Life Preschool @ Bishan,2025-03-02,36
RC1920,New Life Preschool @ Bukit Gombak,2025-02-01,36
RC1918,New Life Preschool @ Marine Drive,2025-05-18,36
RC1917,New Life Preschool @ McNair,2024-11-18,36
RC1914,New Life Preschool @ Newton,2024-05-18,36
RC1922,New Life Preschool @ Pasir Ris,2024-12-07,36
PT8790,NOBLELAND ARTS N LEARNING PLACE @ BISHAN PTE. LTD.,2024-09-20,36
PT9203,NOBLELAND ARTS N LEARNING PLACE @CLEMENTI PTE. LTD.,2026-05-02,36
PT9204,NOBLELAND ARTS N LEARNING PLACE @PUNGGOL PTE. LTD.,2024-05-02,36
PT9202,NOBLELAND ARTS N LEARNING PLACE @WATERWAY PTE. LTD.,2024-05-02,36
PT9910,NOBLELAND ARTS N LEARNING PLACE @WOODLEIGH PTE LTD,2025-08-29,24
PT9313,Nordic Preschool Pte Ltd,2024-12-19,36
PT9123,Nurture Infant Pte Ltd,2026-03-31,6
PT9062,Nurtured Nest Bukit Timah Pte. Ltd.,2025-07-29,36
PT8879,NURTURESTARS CHILD CARE,2024-11-01,36
PT9094,NURTURESTARS CHILD CARE,2023-12-24,36
PT9249,NURTURESTARS CHILD CARE,2025-04-01,36
PT9864,Nurturestars Preschool,2026-07-01,24
PT8635,NURTURESTARS PTE. LTD.,2024-01-04,36
PT8713,NURTURESTARS PTE. LTD.,2024-07-11,36
PT8741,NURTURESTARS PTE. LTD.,2024-04-06,36
PT7810,NUTURE TOTS PRE-SCHOOL PTE. LTD.,2025-04-21,24
PT9860,Odyssey The Global Preschool Dempsey,2026-04-01,24
PT8656,Odyssey The Global Preschool Fourth Avenue,2025-04-01,36
PT9045,Odyssey The Global Preschool Loyang,2025-05-28,36
PT9500,Odyssey The Global Preschool Orchard,2023-11-19,36
PT9284,Odyssey The Global Preschool Still Road,2024-07-14,36
PT5300,Odyssey The Global Preschool Wilkinson,2023-07-23,36
PT9145,ORION PRESCHOOL,2026-06-01,36
PT9172,OUR CHILDREN'S HOUSE PTE LTD,2023-07-30,36
PT9170,Oxford Explorers @ Braddell,2025-08-01,36
PT9224,Oxford Explorers @ Sennett Pte Ltd,2024-01-01,36
RC1909,PALS Preschool,2025-03-21,24
PT9613,Paper Scissors Stone Montessori Kindergarten,2024-10-29,36
PT9214,PARIPOSA PTE LTD,2024-01-01,36
RC1840,Paya Lebar Methodist Church Covenant Kindergarten,2023-10-24,36
ST0338,PCF Sparkletots Preschool @ Admiralty Blk 581 (DS),2023-09-18,36
ST0014,PCF SPARKLETOTS PRESCHOOL @ ADMIRALTY BLK 585 (CC),2025-02-01,36
ST0344,PCF Sparkletots Preschool @ Admiralty Blk 687B (DS),2024-09-24,36
ST0272,PCF Sparkletots Preschool @ Ang Mo Kio-Hougang Blk 452 (DS),2025-03-19,36
ST0273,PCF Sparkletots Preschool @ Ang Mo Kio-Hougang Blk 535 (DS),2024-10-31,36
ST0274,PCF Sparkletots Preschool @ Ang Mo Kio-Hougang Blk 632 (DS),2023-10-18,36
ST0297,PCF Sparkletots Preschool @ Ayer Rajah Blk 48 (DS),2023-09-24,36
ST0393,PCF Sparkletots Preschool @ Bedok Blk 152B (EY),2025-11-15,24
ST0063,PCF Sparkletots Preschool @ Bedok Blk 172 (CC),2025-08-15,36
ST0247,PCF Sparkletots Preschool @ Bedok Blk 30 (DS),2025-03-17,36
ST0271,PCF Sparkletots Preschool @ Bedok Reservoir-Punggol Blk 414 (DS),2023-08-20,36
ST0143,PCF SPARKLETOTS PRESCHOOL @ BEDOK RESERVOIR-PUNGGOL BLK 470C (CC),2026-01-02,36
ST0366,PCF Sparkletots Preschool @ Bedok Reservoir-Punggol Blk 475C (DS),2025-03-06,36
ST0162,PCF Sparkletots Preschool @ Bedok Reservoir-Punggol Blk 508 (CC),2024-03-01,36
ST0250,PCF Sparkletots Preschool @ Bedok Reservoir-Punggol Blk 713 (DS),2026-02-14,24
ST0009,PCF Sparkletots Preschool @ Bishan East-Sin Ming Blk 178 (CC),2024-11-16,36
ST0078,PCF Sparkletots Preschool @ Bishan East-Sin Ming Blk 181 (CC),2024-08-01,36
ST0295,PCF Sparkletots Preschool @ Bishan East-Sin Ming Blk 197 (KN),2023-09-02,36
ST0184,PCF Sparkletots Preschool @ Bishan East-Sin Ming Blk 409 (CC),2026-03-01,36
ST0302,PCF Sparkletots Preschool @ Boon Lay Blk 207 (DS),2024-11-26,36
ST0303,PCF Sparkletots Preschool @ Boon Lay Blk 262 (DS),2026-06-01,24
ST0103,PCF SPARKLETOTS PRESCHOOL @ BOON LAY BLK 627 (CC),2025-07-23,36
ST0186,PCF SPARKLETOTS PRESCHOOL @ BRADDELL HEIGHTS BLK 246 (CC),2026-05-01,36
ST0277,PCF Sparkletots Preschool @ Braddell Heights Blk 417 (DS),2025-03-06,36
ST0417,PCF Sparkletots Preschool @ Brickland Blk 300 (CC),2026-07-15,12
ST0405,PCF Sparkletots Preschool @ Brickland Blk 308B (CC),2025-09-15,12
ST0369,PCF Sparkletots Preschool @ Brickland Blk 801 (DS),2024-11-15,36
ST0174,PCF Sparkletots Preschool @ Brickland Blk 807C (CC),2025-02-22,36
ST0386,PCF Sparkletots Preschool @ Brickland Blk 810 (CC),2026-07-01,36
ST0400,PCF Sparkletots Preschool @ Buangkok-Fernvale South Blk 401 (EY),2025-10-15,24
ST0391,PCF Sparkletots Preschool @ Buangkok-Fernvale South Blk 402 (EY),2025-10-15,24
ST0364,PCF Sparkletots Preschool @ Buangkok-Fernvale South Blk 416A (DS),2024-01-01,36
ST0361,PCF Sparkletots Preschool @ Buangkok-Fernvale South Blk 987C (DS),2024-11-25,36
ST0375,PCF Sparkletots Preschool @ Buangkok-Fernvale South Blk 999 (DS),2024-05-15,36
ST0028,PCF SPARKLETOTS PRESCHOOL @ BUKIT BATOK BLK 118 (CC),2025-07-17,36
ST0314,PCF Sparkletots Preschool @ Bukit Batok Blk 148 (KN),2023-09-16,36
ST0315,PCF Sparkletots Preschool @ Bukit Batok Blk 180 (CC),2026-06-01,24
ST0374,PCF Sparkletots Preschool @ Bukit Batok Blk 446 (EY),2023-09-16,36
ST0195,PCF Sparkletots Preschool @ Bukit Batok Blk 447 (CC),2023-09-17,36
ST0097,PCF Sparkletots Preschool @ Bukit Batok East Blk 206 (CC),2025-02-01,24
ST0316,PCF Sparkletots Preschool @ Bukit Batok East Blk 241 (KN),2024-02-24,36
ST0190,PCF Sparkletots Preschool @ Bukit Batok East Blk 293 (CC),2025-05-15,36
ST0004,PCF SPARKLETOTS PRESCHOOL @ BUKIT GOMBAK BLK 395A (CC),2024-05-03,36
ST0320,PCF Sparkletots Preschool @ Bukit Gombak Blk 535 (DS),2024-11-25,36
ST0321,PCF Sparkletots Preschool @ Bukit Panjang Blk 111 (EY),2023-10-02,36
ST0322,PCF Sparkletots Preschool @ Bukit Panjang Blk 226 (EY),2023-10-24,36
ST0159,PCF SPARKLETOTS PRESCHOOL @ BUKIT PANJANG BLK 254 (EY),2024-01-04,36
ST0146,PCF SPARKLETOTS PRESCHOOL @ BUKIT PANJANG BLK 412 (CC),2026-02-01,36
ST0129,PCF SPARKLETOTS PRESCHOOL @ BUKIT TIMAH BLK 12 (CC),2024-12-28,36
ST0178,PCF Sparkletots Preschool @ Bukit Timah Blk 207 (CC),2025-07-11,36
ST0052,PCF SPARKLETOTS PRESCHOOL @ BUKIT TIMAH BLK 305 (CC),2026-02-12,36
ST0370,PCF Sparkletots Preschool @ Bukit Timah Blk 312B (DS),2023-10-24,36
ST0203,PCF SPARKLETOTS PRESCHOOL @ BUKIT TIMAH BLK 319 (EY),2024-01-01,36
ST0222,PCF Sparkletots Preschool @ Buona Vista Blk 4 (DS),2025-03-31,36
ST0406,PCF Sparkletots Preschool @ Buona Vista Blk 43 (CC),2025-11-07,12
ST0215,PCF Sparkletots Preschool @ Buona Vista Blk 54 (DS),2023-12-23,36
ST0345,PCF Sparkletots Preschool @ Canberra Blk 309 (EY),2024-11-28,36
ST0346,PCF Sparkletots Preschool @ Canberra Blk 330 (DS),2024-09-05,36
ST0410,PCF Sparkletots Preschool @ Canberra Blk 373 (CC),2026-02-01,12
ST0150,PCF Sparkletots Preschool @ Canberra Blk 780D (CC),2026-04-09,36
ST0175,PCF SPARKLETOTS PRESCHOOL @ CASHEW (CC),2025-02-24,36
ST0006,PCF SPARKLETOTS PRESCHOOL @ CASHEW BLK 183 (CC),2025-01-02,36
ST0325,PCF Sparkletots Preschool @ Cashew Blk 545 (EY),2023-10-24,36
ST0252,PCF Sparkletots Preschool @ Changi Blk 216 (KN),2024-10-24,36
ST0257,PCF Sparkletots Preschool @ Changi Simei Blk 131 (KN),2025-03-03,36
ST0076,PCF Sparkletots Preschool @ Changi Simei Blk 233 (CC),2024-08-01,36
ST0057,PCF Sparkletots Preschool @ Cheng San Blk 502 (EY),2024-06-15,36
ST0292,PCF Sparkletots Preschool @ Cheng San Blk 533 (EY),2024-11-25,36
ST0293,PCF SPARKLETOTS PRESCHOOL @ CHENG SAN BLK 556 (DS),2024-10-30,36
ST0348,PCF Sparkletots Preschool @ Chong Pang Blk 107 (KN),2024-09-22,36
ST0072,PCF SPARKLETOTS PRESCHOOL @ CHONG PANG BLK 115B (CC),2024-04-01,36
ST0349,PCF Sparkletots Preschool @ Chong Pang Blk 122 (CC),2024-10-01,24
ST0022,PCF SPARKLETOTS PRESCHOOL @ CHONG PANG BLK 142 (CC),2024-09-02,36
ST0328,PCF Sparkletots Preschool @ Chua Chu Kang Blk 10 (KN),2024-10-08,36
ST0179,PCF SPARKLETOTS PRESCHOOL @ CHUA CHU KANG BLK 123 (CC),2026-01-01,36
ST0126,PCF SPARKLETOTS PRESCHOOL @ CHUA CHU KANG BLK 19 (CC),2024-07-05,36
ST0010,PCF SPARKLETOTS PRESCHOOL @ CHUA CHU KANG BLK 3 (CC),2025-01-01,36
ST0212,PCF Sparkletots Preschool @ Clementi Blk 330 (DS),2024-05-01,36
ST0138,PCF SPARKLETOTS PRESCHOOL @ CLEMENTI BLK 420A (CC),2026-06-01,36
ST0383,PCF Sparkletots Preschool @ Clementi Blk 445 (EY),2026-01-01,36
ST0199,PCF SPARKLETOTS PRESCHOOL @ CLEMENTI BLK 462A (EY),2024-01-01,36
ST0248,PCF Sparkletots Preschool @ Eunos Blk 122 (CC),2024-11-08,36
ST0015,PCF SPARKLETOTS PRESCHOOL @ EUNOS BLK 134 (CC),2025-03-01,36
ST0249,PCF Sparkletots Preschool @ Eunos Blk 616 (KN),2024-11-07,36
ST0091,PCF SPARKLETOTS PRESCHOOL @ EUNOS BLK 620 (CC),2025-12-16,36
ST0134,PCF SPARKLETOTS PRESCHOOL @ EUNOS BLK 629 (CC),2025-06-09,36
ST0056,PCF SPARKLETOTS PRESCHOOL @ FENGSHAN BLK 108 (CC),2025-12-01,36
ST0041,PCF SPARKLETOTS PRESCHOOL @ FENGSHAN BLK 115 (CC),2024-01-02,36
ST0242,PCF Sparkletots Preschool @ Fengshan Blk 126 (DS),2023-09-09,36
ST0003,PCF SPARKLETOTS PRESCHOOL @ FENGSHAN BLK 184 (CC),2025-07-01,36
ST0401,PCF Sparkletots Preschool @ Geylang Serai Blk 37 (CC),2026-03-15,24
ST0115,PCF SPARKLETOTS PRESCHOOL @ HENDERSON-DAWSON BLK 59 (CC),2024-02-01,36
ST0318,PCF Sparkletots Preschool @ Hong Kah North Blk 319 (DS),2025-03-15,24
ST0319,PCF Sparkletots Preschool @ Hong Kah North Blk 338 (CC),2024-10-15,36
ST0030,PCF SPARKLETOTS PRESCHOOL @ HONG KAH NORTH BLK 419 (CC),2025-04-02,36
ST0270,PCF Sparkletots Preschool @ Hougang Blk 328 (DS),2023-10-14,36
ST0197,PCF Sparkletots Preschool @ Jalan Kayu Blk 436D (EY),2024-01-01,36
ST0200,PCF Sparkletots Preschool @ Jalan Kayu Blk 443 (EY),2024-01-01,36
ST0384,PCF Sparkletots Preschool @ Jalan Kayu Blk 455 (CC),2026-02-01,36
ST0168,PCF Sparkletots Preschool @ Jalan Kayu Blk 469B (EY),2024-09-01,36
ST0239,PCF Sparkletots Preschool @ Joo Chiat (DS),2025-04-06,36
ST0144,PCF SPARKLETOTS PRESCHOOL @ JURONG CENTRAL BLK 308 (CC),2026-01-02,36
ST0087,PCF SPARKLETOTS PRESCHOOL @ JURONG CENTRAL BLK 403 (CC),2026-06-23,36
ST0048,PCF SPARKLETOTS PRESCHOOL @ JURONG CENTRAL BLK 404 (CC),2025-01-03,36
ST0304,PCF Sparkletots Preschool @ Jurong Central Blk 465 (KN),2024-11-08,36
ST0305,PCF Sparkletots Preschool @ Jurong Central Blk 490 (KN),2023-09-02,36
ST0204,PCF SPARKLETOTS PRESCHOOL @ JURONG SPRING - GEK POH  BLK 515 (EY),2026-01-01,36
ST0111,PCF Sparkletots Preschool @ Jurong Spring-Gek Poh Blk 275A (CC),2024-01-02,36
ST0313,PCF Sparkletots Preschool @ Jurong Spring-Gek Poh Blk 276D (KN),2025-04-28,36
ST0080,PCF Sparkletots Preschool @ Jurong Spring-Gek Poh Blk 455 (CC),2024-04-26,36
ST0107,PCF Sparkletots Preschool @ Jurong Spring-Gek Poh Blk 528 (DS),2024-10-01,36
ST0308,PCF Sparkletots Preschool @ Jurong Spring-Gek Poh Blk 750 (DS),2025-12-03,36
ST0245,PCF Sparkletots Preschool @ Kaki Bukit Blk 519 (KN),2024-12-13,36
ST0119,PCF SPARKLETOTS PRESCHOOL @ KAKI BUKIT BLK 525 (CC),2024-03-28,36
ST0007,PCF SPARKLETOTS PRESCHOOL @ KAMPONG CHAI CHEE BLK 131 (CC),2024-05-09,36
ST0243,PCF Sparkletots Preschool @ Kampong Chai Chee Blk 135 (KN),2024-11-11,36
ST0104,PCF Sparkletots Preschool @ Kampong Chai Chee Blk 32 (CC),2025-07-23,36
ST0183,PCF SPARKLETOTS PRESCHOOL @ KAMPONG CHAI CHEE BLK 409 (EY),2026-02-01,36
ST0075,PCF SPARKLETOTS PRESCHOOL @ KAMPONG CHAI CHEE BLK 424 (CC),2024-07-01,36
ST0251,PCF Sparkletots Preschool @ Kampong Chai Chee Blk 775 (CC),2025-01-15,24
ST0220,PCF Sparkletots Preschool @ Kampong Glam Blk 462 (DS),2023-10-24,36
ST0329,PCF Sparkletots Preschool @ Keat Hong Blk 295 (DS),2024-10-24,36
ST0059,PCF SPARKLETOTS PRESCHOOL @ KEAT HONG BLK 353 (CC),2026-06-22,36
ST0330,PCF Sparkletots Preschool @ Keat Hong Blk 411 (DS),2024-08-20,36
ST0086,PCF SPARKLETOTS PRESCHOOL @ KEAT HONG BLK 435 (CC),2025-01-03,36
ST0029,PCF SPARKLETOTS PRESCHOOL @ KEAT HONG BLK 448 (CC),2024-10-01,36
ST0173,PCF SPARKLETOTS PRESCHOOL @ KEAT HONG BLK 484 (CC),2025-01-03,36
ST0002,PCF SPARKLETOTS PRESCHOOL @ KEBUN BARU BLK 109 (CC),2025-01-02,36
ST0055,PCF SPARKLETOTS PRESCHOOL @ KEBUN BARU BLK 172 (CC),2025-07-21,36
ST0177,PCF Sparkletots Preschool @ Kebun Baru Blk 260B (CC),2025-07-01,36
ST0238,PCF Sparkletots Preschool @ Kembangan Blk 116 (DS),2025-01-06,36
ST0237,PCF Sparkletots Preschool @ Kembangan Blk 326 (DS),2024-11-11,36
ST0054,PCF Sparkletots Preschool @ Kembangan Blk 412 (CC),2024-11-03,36
ST0381,PCF Sparkletots Preschool @ Kolam Ayer Blk 26B (EY),2024-10-18,36
ST0098,PCF SPARKLETOTS PRESCHOOL @ KOLAM AYER BLK 39 (EY),2025-04-16,36
ST0385,PCF Sparkletots Preschool @ Kolam Ayer Blk 52 (CC),2026-02-15,36
ST0399,PCF Sparkletots Preschool @ Kreta Ayer-Kim Seng Blk 21 (CC),2025-04-15,24
ST0070,PCF SPARKLETOTS PRESCHOOL @ KRETA AYER-KIM SENG BLK 79 (EY),2025-12-08,36
ST0170,PCF Sparkletots Preschool @ Kreta Ayer-Kim Seng Blk 8 (DS),2025-01-03,36
ST0205,PCF SPARKLETOTS PRESCHOOL @ LIMBANG BLK 543 (DS),2024-01-01,36
ST0083,PCF SPARKLETOTS PRESCHOOL @ LIMBANG Blk 567 (CC),2024-10-03,36
ST0180,PCF SPARKLETOTS PRESCHOOL @ LIMBANG BLK 786 (DS),2025-12-14,36
ST0416,PCF Sparkletots Preschool @ MacPherson Blk 100 (CC),2026-07-15,12
ST0232,PCF Sparkletots Preschool @ Macpherson Blk 31 (KN),2024-11-08,36
ST0187,PCF SPARKLETOTS PRESCHOOL @ MACPHERSON BLK 54 (CC),2026-05-01,36
ST0240,PCF Sparkletots Preschool @ Marine Parade Blk 46 (DS),2025-01-15,36
ST0169,PCF SPARKLETOTS PRESCHOOL @ MARSILING (CC),2024-09-26,36
ST0121,PCF SPARKLETOTS PRESCHOOL @ MARSILING BLK 12 (CC),2023-10-17,36
ST0334,PCF Sparkletots Preschool @ Marsiling Blk 32 (DS),2026-06-15,24
ST0296,PCF Sparkletots Preschool @ Marymount Blk 231 (DS),2024-07-01,36
ST0131,PCF Sparkletots Preschool @ Marymount Blk 257 (CC),2025-01-03,36
ST0373,PCF Sparkletots Preschool @ Marymount Blk 309 (DS),2025-09-06,36
ST0221,PCF Sparkletots Preschool @ Moulmein-Cairnhill Blk 10 (DS),2025-10-29,36
ST0043,PCF SPARKLETOTS PRESCHOOL @ MOULMEIN-CAIRNHILL Blk 50 (CC),2024-03-16,36
ST0396,PCF Sparkletots Preschool @ Mountbatten Blk 92 (CC),2025-03-15,24
ST0155,PCF SPARKLETOTS PRESCHOOL @ NANYANG BLK 825 (CC),2024-01-02,36
ST0021,PCF SPARKLETOTS PRESCHOOL @ NANYANG BLK 922 (CC),2026-07-01,24
ST0309,PCF Sparkletots Preschool @ Nanyang Blk 934 (DS),2025-03-01,24
ST0148,PCF SPARKLETOTS PRESCHOOL @ NAVAL BASE BLK 413 (CC),2026-04-01,36
ST0193,PCF Sparkletots Preschool @ Naval Base Blk 468C (EY),2023-08-01,36
ST0347,PCF Sparkletots Preschool @ Naval Base Blk 487 (CC),2026-05-01,24
ST0354,PCF Sparkletots Preschool @ Nee Soon Central Blk 646 (DS),2025-02-01,36
ST0371,PCF Sparkletots Preschool @ Nee Soon Central Blk 671 (DS),2023-08-28,36
ST0026,PCF Sparkletots Preschool @ Nee Soon Central Blk 723 (CC),2025-07-01,24
ST0355,PCF Sparkletots Preschool @ Nee Soon Central Blk 737 (DS),2026-04-01,36
ST0350,PCF Sparkletots Preschool @ Nee Soon East Blk 223 (EY),2025-04-03,36
ST0166,PCF Sparkletots Preschool @ Nee Soon East Blk 312 (CC),2024-08-01,36
ST0149,PCF Sparkletots Preschool @ Nee Soon East Blk 333D (CC),2026-01-15,36
ST0020,PCF Sparkletots Preschool @ Nee Soon East Blk 357 (EY),2025-07-22,36
ST0351,PCF Sparkletots Preschool @ Nee Soon East Blk 367 (EY),2025-01-07,36
ST0352,PCF Sparkletots Preschool @ Nee Soon Link Blk 408 (EY),2024-11-28,36
ST0112,PCF Sparkletots Preschool @ Nee Soon Link Blk 446 (CC),2024-01-02,36
ST0380,PCF Sparkletots Preschool @ Nee Soon Link Blk 461 (EY),2024-06-12,36
ST0390,PCF Sparkletots Preschool @ Nee Soon Link Blk 476 (CC),2025-10-15,24
ST0019,PCF SPARKLETOTS PRESCHOOL @ NEE SOON SOUTH BLK 781 (CC),2025-06-24,36
ST0081,PCF Sparkletots Preschool @ Nee Soon South Blk 852 (EY),2024-09-01,36
ST0356,PCF Sparkletots Preschool @ Nee Soon South Blk 875 (DS),2024-08-21,36
ST0133,PCF Sparkletots Preschool @ Nee Soon South Blk 879 (EY),2025-04-25,36
ST0254,PCF Sparkletots Preschool @ Pasir Ris Central Blk 517 (CC),2024-10-18,36
ST0413,PCF Sparkletots Preschool @ Pasir Ris Central Blk 590 (CC),2026-03-15,12
ST0017,PCF Sparkletots Preschool @ Pasir Ris East Blk 412 (CC),2025-03-01,36
ST0253,PCF Sparkletots Preschool @ Pasir Ris East Blk 426 (DS),2023-10-20,36
ST0013,PCF Sparkletots Preschool @ Pasir Ris West Blk 650 (EY),2025-02-01,36
ST0255,PCF Sparkletots Preschool @ Pasir Ris West Blk 738 (EY),2025-01-30,36
ST0269,PCF Sparkletots Preschool @ Paya Lebar Blk 125 (DS),2024-11-15,24
ST0046,PCF SPARKLETOTS PRESCHOOL @ PAYA LEBAR BLK 221 (CC),2025-02-26,36
ST0268,PCF Sparkletots Preschool @ Paya Lebar Blk 23 (CC),2025-02-01,24
ST0307,PCF Sparkletots Preschool @ Pioneer Blk 642 (EY),2023-10-02,36
ST0141,PCF SPARKLETOTS PRESCHOOL @ PIONEER BLK 661B (CC),2026-07-01,36
ST0310,PCF Sparkletots Preschool @ Pioneer Blk 665A (EY),2023-09-17,36
ST0093,PCF SPARKLETOTS PRESCHOOL @ PIONEER BLK 694 (CC),2025-09-01,36
ST0389,PCF Sparkletots Preschool @ Potong Pasir Blk 101 (EY),2025-02-15,24
ST0411,PCF Sparkletots Preschool @ Potong Pasir Blk 119B (EY),2026-02-01,12
ST0231,PCF Sparkletots Preschool @ Potong Pasir Blk 14 (KN),2024-09-30,36
ST0230,PCF Sparkletots Preschool @ Potong Pasir Blk 143 (DS),2025-02-24,36
ST0358,PCF Sparkletots Preschool @ Punggol Coast Blk 105D (DS),2026-04-01,24
ST0114,PCF Sparkletots Preschool @ Punggol Coast Blk 303A (DS),2024-01-11,36
ST0368,PCF Sparkletots Preschool @ Punggol Coast Blk 676B (DS),2025-02-12,36
ST0196,PCF Sparkletots Preschool @ Punggol North Blk 326 (CC),2023-10-06,36
ST0394,PCF Sparkletots Preschool @ Punggol North Blk 402 (EY),2025-11-30,24
ST0397,PCF Sparkletots Preschool @ Punggol North Blk 410A (EY),2026-04-15,24
ST0407,PCF Sparkletots Preschool @ Punggol North Blk 447A (CC),2026-01-15,12
ST0188,PCF Sparkletots Preschool @ Punggol Shore (EY),2023-10-30,36
ST0357,PCF Sparkletots Preschool @ Punggol Shore Blk 171C (EY),2023-12-03,36
ST0359,PCF Sparkletots Preschool @ Punggol Shore Blk 174D (DS),2025-02-15,24
ST0127,PCF Sparkletots Preschool @ Punggol Shore Blk 622C (CC),2024-07-11,36
ST0367,PCF Sparkletots Preschool @ Punggol Shore Blk 663A (DS),2025-04-30,36
ST0189,PCF SPARKLETOTS PRESCHOOL @ PUNGGOL WEST BLK 222 (CC),2026-05-01,36
ST0360,PCF Sparkletots Preschool @ Punggol West Blk 271A (KN),2024-09-30,36
ST0365,PCF Sparkletots Preschool @ Punggol West Blk 308B (DS),2024-04-28,36
ST0092,PCF SPARKLETOTS PRESCHOOL @ QUEENSTOWN BLK 145 (CC),2025-03-01,36
ST0216,PCF Sparkletots Preschool @ Queenstown Blk 3 (KN),2024-10-24,36
ST0395,PCF Sparkletots Preschool @ Queenstown Blk 30A (CC),2026-03-13,24
ST0176,PCF SPARKLETOTS PRESCHOOL @ QUEENSTOWN BLK 53A (CC),2025-05-01,36
ST0023,PCF SPARKLETOTS PRESCHOOL @ QUEENSTOWN BLK 78B (CC),2024-08-01,36
ST0382,PCF Sparkletots Preschool @ Radin Mas (CC),2024-11-30,36
ST0068,PCF SPARKLETOTS PRESCHOOL @ RADIN MAS BLK 18 (DS),2024-03-01,36
ST0287,PCF Sparkletots Preschool @ Seletar-Serangoon Blk 518 (DS),2023-11-04,36
ST0157,PCF Sparkletots Preschool @ Seletar-Serangoon Blk 937 (CC),2024-01-02,36
ST0276,PCF Sparkletots Preschool @ Seletar-Serangoon Blk 970 (DS),2025-03-30,36
ST0182,PCF Sparkletots Preschool @ Sembawang Central Blk 105 (CC),2026-01-14,36
ST0201,PCF Sparkletots Preschool @ Sembawang Central Blk 115B (CC),2023-12-12,36
ST0409,PCF Sparkletots Preschool @ Sembawang Central Blk 378 (CC),2026-02-01,12
ST0194,PCF Sparkletots Preschool @ Sembawang Central Blk 503C (EY),2023-08-01,36
ST0101,PCF Sparkletots Preschool @ Sembawang Central Blk 504A (CC),2025-05-31,36
ST0340,PCF Sparkletots Preschool @ Sembawang West Blk 730 (CC),2024-08-15,24
ST0160,PCF Sparkletots Preschool @ Sembawang West Blk 755 (CC),2026-07-04,36
ST0341,PCF Sparkletots Preschool @ Sembawang West Blk 789 (DS),2024-12-01,24
ST0122,PCF SPARKLETOTS PRESCHOOL @ SENGKANG CENTRAL BLK 208 (CC),2024-04-19,36
ST0045,PCF SPARKLETOTS PRESCHOOL @ SENGKANG CENTRAL BLK 270 (CC),2025-08-01,36
ST0283,PCF Sparkletots Preschool @ Sengkang Central Blk 277B (EY),2024-11-12,36
ST0278,PCF Sparkletots Preschool @ Sengkang East Blk 103 (EY),2024-12-07,36
ST0085,PCF Sparkletots Preschool @ Sengkang East Blk 123A (CC),2025-01-03,36
ST0279,PCF Sparkletots Preschool @ Sengkang East Blk 143 (KN),2025-01-13,36
ST0008,PCF Sparkletots Preschool @ Sengkang East Blk 194 (CC),2025-01-02,36
ST0281,PCF Sparkletots Preschool @ Sengkang North Blk 206A (EY),2023-11-05,36
ST0280,PCF Sparkletots Preschool @ Sengkang North Blk 231 (DS),2023-10-03,36
ST0140,PCF Sparkletots Preschool @ Sengkang North Blk 262A (CC),2026-01-01,36
ST0079,PCF Sparkletots Preschool @ Sengkang North Blk 290A (CC),2024-08-01,36
ST0284,PCF Sparkletots Preschool @ Sengkang North Blk 292B (KN),2025-03-03,36
ST0089,PCF Sparkletots Preschool @ Sengkang North Blk 298B (CC),2025-02-01,36
ST0198,PCF SPARKLETOTS PRESCHOOL @ SENGKANG WEST BLK 303A (EY),2024-01-01,36
ST0363,PCF Sparkletots Preschool @ Sengkang West Blk 330A (DS),2025-03-13,36
ST0206,PCF Sparkletots Preschool @ Sengkang West Blk 351 (EY),2024-03-03,36
ST0285,PCF Sparkletots Preschool @ Serangoon Blk 125 (CC),2026-01-01,24
ST0095,PCF SPARKLETOTS PRESCHOOL @ SERANGOON BLK 141 (CC),2025-03-19,36
ST0286,PCF Sparkletots Preschool @ Serangoon Blk 226 (KN),2024-12-02,36
ST0388,PCF Sparkletots Preschool @ Taman Jurong Blk 150 (CC),2024-12-13,24
ST0153,PCF SPARKLETOTS PRESCHOOL @ TAMAN JURONG BLK 161 (CC),2024-01-01,36
ST0301,PCF Sparkletots Preschool @ Taman Jurong Blk 352 (DS),2025-04-01,36
ST0398,PCF Sparkletots Preschool @ Tampines Boulevard Blk 647 (EY),2026-04-15,24
ST0404,PCF Sparkletots Preschool @ Tampines Boulevard Blk 662C (CC),2026-06-01,24
ST0113,PCF SPARKLETOTS PRESCHOOL @ TAMPINES CENTRAL BLK 713 (CC),2025-07-02,36
ST0265,PCF Sparkletots Preschool @ Tampines Central Blk 725 (DS),2023-09-09,36
ST0266,PCF Sparkletots Preschool @ Tampines Central Blk 856 (KN),2024-09-24,36
ST0142,PCF SPARKLETOTS PRESCHOOL @ TAMPINES CENTRAL BLK 858 (CC),2026-01-02,36
ST0116,PCF SPARKLETOTS PRESCHOOL @ TAMPINES CENTRAL BLK 867A (CC),2024-01-29,36
ST0362,PCF Sparkletots Preschool @ Tampines Central Blk 868A (KN),2024-12-27,36
ST0408,PCF Sparkletots Preschool @ Tampines Central Blk 878 (CC),2024-07-03,36
ST0267,PCF Sparkletots Preschool @ Tampines Changkat Blk 106 (EY),2024-10-24,36
ST0032,PCF Sparkletots Preschool @ Tampines Changkat Blk 112 (CC),2025-01-01,36
ST0036,PCF Sparkletots Preschool @ Tampines Changkat Blk 273 (CC),2024-06-01,36
ST0412,PCF Sparkletots Preschool @ Tampines Changkat Blk 964A (CC),2026-03-15,12
ST0027,PCF Sparkletots Preschool @ Tampines East Blk 205 (CC),2026-05-04,36
ST0260,PCF Sparkletots Preschool @ Tampines East Blk 262 (EY),2024-10-14,36
ST0263,PCF Sparkletots Preschool @ Tampines East Blk 358 (DS),2024-09-01,24
ST0145,PCF SPARKLETOTS PRESCHOOL @ TAMPINES EAST Blk 385 (CC),2026-01-15,36
ST0172,PCF Sparkletots Preschool @ Tampines North Blk 443 (CC),2025-01-03,36
ST0264,PCF Sparkletots Preschool @ Tampines North Blk 483 (KN),2024-11-07,36
ST0192,PCF SPARKLETOTS PRESCHOOL @ TAMPINES NORTH BLK 492 (CC),2026-05-31,36
ST0258,PCF Sparkletots Preschool @ Tampines West Blk 140 (DS),2024-12-24,36
ST0165,PCF Sparkletots Preschool @ Tampines West Blk 151 (EY),2024-12-15,36
ST0185,PCF SPARKLETOTS PRESCHOOL @ TAMPINES WEST BLK 887 (CC),2026-03-01,36
ST0154,PCF SPARKLETOTS PRESCHOOL @ TAMPINES WEST BLK 890A (CC),2023-08-28,36
ST0011,PCF SPARKLETOTS PRESCHOOL @ TAMPINES WEST BLK 942 (EY),2026-07-01,36
ST0163,PCF Sparkletots Preschool @ Tanjong Pagar-Tiong Bahru Blk 125 (CC),2025-03-18,36
ST0219,PCF Sparkletots Preschool @ Tanjong Pagar-Tiong Bahru Blk 130 (CC),2025-03-31,24
ST0210,PCF Sparkletots Preschool @ Tanjong Pagar-Tiong Bahru Blk 1E (DS),2025-02-15,24
ST0387,PCF Sparkletots Preschool @ Teck Ghee Blk 227 (EY),2024-10-12,24
ST0289,PCF Sparkletots Preschool @ Teck Ghee Blk 301 (DS),2025-03-15,36
ST0102,PCF SPARKLETOTS PRESCHOOL @ TECK GHEE BLK 310A (CC),2025-07-16,36
ST0147,PCF SPARKLETOTS PRESCHOOL @ TECK GHEE BLK 415 (CC),2026-03-28,36
ST0031,PCF SPARKLETOTS PRESCHOOL @ TELOK BLANGAH BLK 44 (CC),2024-10-01,36
ST0211,PCF Sparkletots Preschool @ Telok Blangah Blk 78A (DS),2024-09-15,36
ST0415,PCF Sparkletots Preschool @ Tengah Blk 126B (CC),2026-07-15,12
ST0402,PCF Sparkletots Preschool @ Tengah Blk 236B (CC),2026-05-01,24
ST0414,PCF Sparkletots Preschool @ Tengah Blk 244 (EY),2026-06-18,12
ST0064,PCF SPARKLETOTS PRESCHOOL @ TOA PAYOH CENTRAL BLK 146A (CC),2024-02-01,36
ST0225,PCF Sparkletots Preschool @ Toa Payoh Central Blk 157 (DS),2025-04-01,24
ST0077,PCF Sparkletots Preschool @ Toa Payoh East Blk 232 (CC),2024-08-01,36
ST0161,PCF Sparkletots Preschool @ Toa Payoh East Blk 247 (CC),2024-03-01,36
ST0379,PCF Sparkletots Preschool @ Toa Payoh East Blk 261A (EY),2024-05-15,36
ST0223,PCF Sparkletots Preschool @ Toa Payoh East Blk 45 (DS),2023-11-28,36
ST0202,PCF Sparkletots Preschool @ Toa Payoh East Blk 6 (EY),2024-01-01,36
ST0372,PCF Sparkletots Preschool @ Toa Payoh West-Thomson Blk 131 (DS),2023-08-20,36
ST0226,PCF Sparkletots Preschool @ Toa Payoh West-Thomson Blk 205 (DS),2025-02-17,36
ST0106,PCF SPARKLETOTS PRESCHOOL @ ULU PANDAN BLK 15 (CC),2025-10-01,36
ST0191,PCF SPARKLETOTS PRESCHOOL @ ULU PANDAN BLK 24 (DS),2026-05-15,36
ST0073,PCF SPARKLETOTS PRESCHOOL @ WEST COAST BLK 611 (CC),2024-04-01,36
ST0213,PCF Sparkletots Preschool @ West Coast Blk 728 (KN),2025-02-14,36
ST0071,PCF SPARKLETOTS PRESCHOOL @ WHAMPOA BLK 105 (CC),2025-03-21,36
ST0229,PCF Sparkletots Preschool @ Whampoa Blk 106 (DS),2023-12-13,36
ST0403,PCF Sparkletots Preschool @ Whampoa Blk 2 (CC),2026-06-01,24
ST0227,PCF Sparkletots Preschool @ Whampoa Blk 85 (DS),2024-09-17,36
ST0074,PCF Sparkletots Preschool @ Woodgrove Blk 302 (DS),2025-08-12,36
ST0047,PCF Sparkletots Preschool @ Woodgrove Blk 339 (CC),2025-09-27,36
ST0336,PCF Sparkletots Preschool @ Woodgrove Blk 364 (KN),2024-11-07,36
ST0337,PCF Sparkletots Preschool @ Woodgrove Blk 501 (DS),2025-01-01,24
ST0125,PCF Sparkletots Preschool @ Woodgrove Blk 571B (CC),2025-12-24,36
ST0005,PCF SPARKLETOTS PRESCHOOL @ WOODGROVE BLK 894D (CC),2024-01-06,36
ST0343,PCF Sparkletots Preschool @ Woodgrove Blk 899B (KN),2024-09-02,36
ST0137,PCF SPARKLETOTS PRESCHOOL @ WOODLANDS BLK 604 (CC),2025-10-01,36
ST0117,PCF SPARKLETOTS PRESCHOOL @ WOODLANDS BLK 649 (CC),2025-12-11,36
ST0040,PCF SPARKLETOTS PRESCHOOL @ WOODLANDS BLK 677 (CC),2024-12-25,36
ST0100,PCF SPARKLETOTS PRESCHOOL @ WOODLANDS BLK 801 (CC),2025-05-28,36
ST0096,PCF SPARKLETOTS PRESCHOOL @ WOODLANDS BLK 824 (CC),2024-03-22,36
ST0132,PCF SPARKLETOTS PRESCHOOL @ WOODLANDS BLK 853 (CC),2026-04-01,36
ST0342,PCF Sparkletots Preschool @ Woodlands Blk 875 (KN),2023-11-11,36
ST0331,PCF Sparkletots Preschool @ Yew Tee Blk 608 (DS),2024-09-27,36
ST0332,PCF Sparkletots Preschool @ Yew Tee Blk 682 (KN),2023-11-07,36
ST0333,PCF Sparkletots Preschool @ Yew Tee Blk 690D (DS),2025-02-01,24
ST0167,PCF Sparkletots Preschool @ Yio Chu Kang Blk 611 (CC),2024-08-22,36
ST0294,PCF Sparkletots Preschool @ Yio Chu Kang Blk 644 (EY),2025-01-20,36
ST0061,PCF SPARKLETOTS PRESCHOOL @ YUHUA BLK 108 (CC),2024-01-01,36
ST0094,PCF Sparkletots Preschool @ Yuhua Blk 208 (CC),2025-03-14,36
ST0298,PCF Sparkletots Preschool @ Yuhua Blk 251 (KN),2025-03-31,36
ST0051,PCF SPARKLETOTS PRESCHOOL @ YUHUA BLK 264 (CC),2025-09-01,36
ST0060,PCF SPARKLETOTS PRESCHOOL @ YUHUA BLK 271 (CC),2024-01-03,36
ST0300,PCF Sparkletots Preschool @ Yuhua Blk 285C (KN),2025-03-27,36
ST0327,PCF Sparkletots Preschool @ Zhenghua Blk 455A (KN),2025-01-20,36
ST0324,PCF Sparkletots Preschool @ Zhenghua Blk 528 (CC),2025-07-15,24
ST0152,PCF Sparkletots Preschool @ Zhenghua Blk 550B (EY),2025-01-27,36
ST0326,PCF Sparkletots Preschool @ Zhenghua Blk 620 (CC),2025-01-16,24
ST0124,PCF SPARKLETOTS PRESCHOOL @ ZHENGHUA BLK 632A (CC),2024-06-03,36
ST0392,PCF Sparkletots Preschool @ Zhenghua Blk 645 (EY),2025-11-15,24
ST0099,PCF Sparkletots Preschool@ Pioneer Blk 991 (CC),2024-10-01,36
PT4840,Pebble Place Development Centre,2024-07-17,36
PT9473,PEGASUS INTERNATIONAL PRESCHOOL PTE LTD,2026-01-23,24
PT8687,PERIDOT SCHOOLHOUSE PTE LTD,2025-08-01,12
PT9919,Peterhouse Preschool,2026-01-01,24
PT8587,PICKET FENCE @ TAMPINES PTE. LTD.,2024-05-01,36
PT9737,Pink Tower Montessori Pte Ltd,2024-03-17,36
PT8471,PLANET MONTESSORI PTE. LTD.,2025-01-01,36
RC1764,PLAYSCAPES@4PM,2024-02-06,36
PT9840,Posso Preschool @ Fernvale,2025-07-18,24
PT9133,POSSO PRESCHOOL @ JURONG EAST,2023-10-29,36
PT9822,Posso Preschool @ Sengkang,2025-02-15,24
PT9494,POSSO PRESCHOOL @ TAMPINES POINT PTE. LTD.,2023-11-01,36
PT8684,POSSO PRESCHOOL @ WEST COAST RISE PTE LTD,2024-08-01,36
PT8531,PRE-SCHOOL BY-THE-PARK (DUNEARN) PTE LTD,2025-06-18,36
PT9312,Pre-School By-The-Park (Evans),2024-12-01,36
PT8476,PRE-SCHOOL BY-THE-PARK PTE. LTD.,2024-07-25,36
RC0910,PRINCE SIDDHATTHA CHILD CARE CENTRE,2024-08-03,36
PT9330,QUALITY CENTRES (PTE. LTD.),2025-01-03,36
PT9583,QUAYSIDE ISLE PREPARATORY SCHOOL,2023-09-02,36
PT9868,Raffles House @ Adam Pte Ltd,2026-07-13,24
PT8723,RAFFLES HOUSE @ PAYA LEBAR PRIVATE LIMITED,2024-01-03,36
PT8379,RAFFLES HOUSE PRESCHOOL (ROBIN CLOSE),2023-08-20,36
PT6950,RAFFLES HOUSE PRESCHOOL PTE LTD,2024-09-19,36
PT9435,RAFFLES KIDZ @ ANG MO KIO,2026-02-19,36
PT8731,RAFFLES KIDZ @ BUKIT PANJANG PTE. LTD.,2024-03-01,36
PT9486,Raffles Kidz @ Jurong West,2024-09-20,24
PT9350,Raffles Kidz @ Punggol,2026-04-01,36
PT9876,RAFFLES KIDZ @ SURBANA JURONG,2024-10-15,24
PT9004,Raffles Kidz @ Yio Chu Kang,2025-01-01,36
PT9877,RAFFLES KIDZ @ YISHUN,2024-10-15,24
PT9711,Raffles Montessori Kindergarten (Aljunied),2025-02-25,36
PT9781,Rain Tree Montessori Schoolhouse,2026-02-03,36
PT9901,RAIN TREE MONTESSORI SCHOOLHOUSE,2026-05-30,24
PT7180,RAINBOW CHILDCARE PTE LTD,2024-02-01,36
PT9223,RAINBOW COVE @ BUTTERFLY PTE. LTD.,2024-01-04,36
PT8398,RAINBOW COVE @ KALLANG CC PTE LTD,2024-05-22,36
PT9462,Rainbow Cove @ Sembawang,2026-06-11,12
PT8837,RAINFOREST SCHOOLHOUSE PTE LTD,2024-05-07,36
RC1831,RAMAKRISHNA MISSION SARADA KINDERGARTEN,2024-10-15,36
PT9767,Red Schoolhouse Kindercare,2025-12-17,12
PT7600,RED SCHOOLHOUSE PTE LTD,2025-07-30,12
PT9715,RH Positive Montessori Kindergarten (Bukit Timah),2025-08-01,24
PT9797,RH Positive Montessori Kindergarten (Grandeur Park),2026-06-07,36
PT9571,RH Positive Montessori Kindergarten (Linden Drive),2023-08-21,36
RC1848,RIVERLIFE KINDERGARTEN,2023-12-18,36
PT0215,ROSYTH CHILD CARE CENTRE,2025-10-20,36
PT9476,SAIL PLAYHOUSE PTE LTD,2023-08-02,36
PT7480,SEEDLINGS MONTESSORI ALEXANDRA PTE LTD,2024-05-04,36
PT9631,Seeds D' Learning House,2024-09-27,36
PT9774,Sengkang Methodist Preschool,2023-12-27,36
PT9851,Serangoon Garden Methodist Preschool,2025-01-02,36
RC1789,SEVENTH-DAY ADVENTIST CONFERENCE (SINGAPORE) - ADVENTIST SCHOOLHOUSE,2025-01-01,36
RC1739,SGM LITTLE KIDZ @ RIVERVALE,2025-08-19,36
RC0990,SGM MURNI,2026-02-01,24
RC1833,Shalom Kindergarten,2023-10-21,36
PT2810,SHAWS CDLC @ BRADDELL HEIGHTS PTE LTD,2025-06-19,36
PT8793,SHAWS CDLC @ KATONG PRIVATE LIMITED,2024-10-01,36
PT8384,SHAWS CDLC @ MOUNTBATTEN PTE LTD,2025-03-01,36
PT8896,SHAWS CDLC @ MOUNTBATTEN PTE. LTD.,2025-12-01,36
PT9401,SHAWS CDLC @LORONG CHUAN PTE. LTD,2025-11-03,36
PT6690,SHEFFIELD KIDSWORLD (CCK) PTE. LTD.,2024-03-01,36
PT9057,SHEFFIELD KIDSWORLD (ST ANNE) PTE. LTD.,2026-01-15,24
PT8863,Shooting Star Preschool @Punggol Pte. Ltd.,2024-03-01,36
PT8762,Shooting Star Preschool Pte Ltd,2025-07-01,36
PT9672,Singapore Hokkien Huay Kuan Preschool,2024-11-18,36
SK0001,Skool4Kidz Preschool,2025-08-13,36
SK0002,Skool4kidz Preschool,2025-08-13,36
SK0003,Skool4Kidz Preschool,2025-08-15,36
SK0004,Skool4Kidz Preschool,2026-05-13,36
SK0005,Skool4Kidz Preschool,2024-03-26,36
SK0006,Skool4Kidz Preschool,2023-10-07,36
SK0007,Skool4Kidz Preschool,2023-10-15,36
SK0008,Skool4Kidz Preschool,2025-05-25,36
SK0009,Skool4kidz Preschool,2024-06-01,36
SK0010,Skool4Kidz Preschool,2024-07-14,36
SK0011,Skool4Kidz Preschool,2025-01-01,36
SK0012,Skool4Kidz Preschool,2025-02-25,36
SK0013,SKool4Kidz Preschool,2025-02-28,36
SK0014,Skool4Kidz Preschool,2026-01-26,36
SK0015,Skool4Kidz Preschool,2023-09-01,36
SK0016,Skool4Kidz Preschool,2024-03-29,36
SK0021,Skool4Kidz Preschool,2024-05-21,36
SK0022,Skool4Kidz Preschool,2024-06-30,36
SK0023,Skool4Kidz Preschool,2025-08-01,36
SK0024,Skool4Kidz Preschool,2025-09-24,36
SK0025,Skool4Kidz Preschool,2026-06-25,36
SK0026,Skool4Kidz Preschool,2026-02-21,24
SK0027,Skool4Kidz Preschool,2025-11-20,24
SK0028,Skool4Kidz Preschool,2024-08-01,24
SK0029,Skool4Kidz Preschool,2024-10-01,24
SK0030,Skool4kidz Preschool,2025-02-12,24
SK0031,Skool4Kidz Preschool,2025-02-15,24
SK0032,Skool4Kidz Preschool,2025-04-01,24
SK0033,Skool4Kidz Preschool,2025-06-01,24
SK0034,SKOOL4KIDZ PRESCHOOL,2026-06-02,24
SK0035,SKOOL4KIDZ PRESCHOOL,2026-06-16,24
SK0036,SKOOL4KIDZ PRESCHOOL,2026-06-16,24
SK0037,SKOOL4KIDZ PRESCHOOL,2025-08-15,12
SK0038,SKOOL4KIDZ PRESCHOOL,2025-12-01,12
SK0039,SKOOL4KIDZ PRESCHOOL,2026-05-04,12
SK0040,SKOOL4KIDZ PRESCHOOL,2026-07-16,12
PT9117,Small Wonder Preschool Anchorvale,2025-10-17,36
PT9000,Small Wonder Preschool Ang Mo Kio,2025-07-01,36
PT9438,Small Wonder Preschool Bishan (Marymount),2026-03-01,24
PT7250,Small Wonder Preschool Bukit Batok (Street 11),2025-02-12,36
PT9456,Small Wonder Preschool Bukit Batok East,2026-05-28,36
PT9085,Small Wonder Preschool Bukit Gombak,2025-11-13,36
PT9309,Small Wonder Preschool Bukit Panjang,2024-12-01,36
PT9180,Small Wonder Preschool Bukit Timah,2024-08-28,36
PT9179,Small Wonder Preschool Buona Vista,2023-08-31,36
PT9181,Small Wonder Preschool Changi (SUTD),2024-08-31,36
PT8811,Small Wonder Preschool Choa Chu Kang,2023-12-19,36
PT9837,Small Wonder Preschool Chong Pang (Yishun Avenue 5),2025-07-08,24
PT9479,SMALL WONDER PRESCHOOL GAMBAS (NORDCOM II),2023-08-06,36
PT8814,Small Wonder Preschool International Business Park,2024-07-03,36
PT8438,Small Wonder Preschool Jurong East,2024-01-15,36
PT9095,Small Wonder Preschool Jurong West,2026-01-02,36
PT9160,Small Wonder Preschool Khatib,2024-07-03,36
PT9706,Small Wonder Preschool Lakeside,2024-09-24,36
PT8350,Small Wonder Preschool Marine Parade,2025-09-23,36
PT8610,Small Wonder Preschool Nee Soon,2024-06-16,36
PT9452,Small Wonder Preschool Pioneer,2026-05-17,36
PT8977,SMALL WONDER PRESCHOOL POTONG PASIR,2025-05-19,36
PT9066,Small Wonder Preschool Punggol,2026-02-01,36
PT8636,Small Wonder Preschool Queenstown,2025-01-07,36
PT9644,Small Wonder Preschool Sengkang,2024-05-22,36
PT9127,SMALL WONDER PRESCHOOL SERANGOON NORTH,2026-04-15,36
PT9345,SMALL WONDER PRESCHOOL SIMS,2024-02-27,36
PT8568,Small Wonder Preschool Taman Jurong,2025-08-27,36
PT8546,Small Wonder Preschool Tampines East (Changkat),2024-09-01,36
PT9490,Small Wonder Preschool Tampines North,2025-10-30,36
PT9865,Small Wonder Preschool Toa Payoh,2024-07-01,36
PT9031,Small Wonder Preschool Ubi,2025-02-19,36
PT9118,Small Wonder Preschool Woodlands Close,2026-03-12,36
PT9216,Small Wonder Preschool Woodlands Drive,2024-01-01,36
PT9067,SMALL WONDER PRESCHOOL YISHUN (ADORA GREEN),2025-08-01,36
PT8743,Small Wonder Preschool Yishun (Street 71),2024-10-12,36
PT8712,Small Wonder Preschool Yishun Central,2025-12-01,36
PT9508,SMART BERRIIS @ WEST COAST PTE LTD,2024-01-01,36
PT9006,SMARTZ PLAYHOUSE PTE LTD,2026-01-01,12
PT9239,SMI BERRIIS PRESCHOOL PTE. LTD.,2024-03-14,36
PT9195,SMI PRESCHOOL PTE. LTD.,2024-11-01,36
RC1835,Soka Preschool,2025-01-01,24
PT9282,SPRING BUDS LEARNING CAMPUS PTE LTD,2024-07-15,36
PT9898,SPRING BUDS LEARNING COVE PTE LTD,2025-04-19,24
RC1853,Sri Sathya Sai Kindergarten,2024-11-12,36
RC1780,ST JOSEPH'S HOME INFANT AND CHILDCARE,2025-07-31,36
RC1864,ST. JOSEPH'S INSTITUTION INTERNATIONAL PRESCHOOL LTD.,2026-02-01,24
PT8917,STAR LEARNERS @ ANG MO KIO PTE. LTD.,2024-02-16,36
PT9048,STAR LEARNERS @ BEDOK PTE. LTD.,2025-07-01,36
PT8767,STAR LEARNERS @ BISHAN CENTRAL PTE. LTD.,2024-07-01,36
PT8783,STAR LEARNERS @ BISHAN PTE. LTD.,2025-03-01,36
PT9140,STAR LEARNERS @ BOON KENG PTE. LTD.,2024-05-01,36
PT8672,STAR LEARNERS @ BUKIT BATOK PTE. LTD.,2024-06-19,36
PT9502,STAR LEARNERS @ BUKIT MERAH PTE. LTD.,2023-12-01,36
PT9450,STAR LEARNERS @ BUKIT PANJANG PTE LTD,2026-05-01,36
PT9540,STAR LEARNERS @ CCK CENTRAL PTE LTD,2024-05-01,36
PT9152,STAR LEARNERS @ CCK SPORTS CENTRE PTE. LTD.,2024-06-04,36
PT9318,STAR LEARNERS @ CHANGI SIMEI PTE. LTD.,2025-01-01,36
PT8993,Star Learners @ Elias Pte Ltd,2025-01-01,36
PT9856,STAR LEARNERS @ FERNVALE PTE LTD,2026-02-16,24
PT9326,STAR LEARNERS @ GAMBAS PTE LTD,2025-01-01,36
PT9375,STAR LEARNERS @ HOUGANG CENTRAL PTE LTD,2025-07-01,36
PT9324,STAR LEARNERS @ HOUGANG PTE LTD,2025-01-01,36
PT9072,STAR LEARNERS @ JURONG PTE. LTD.,2024-06-10,36
PT9322,STAR LEARNERS @ JURONG WEST PTE LTD,2025-01-01,36
PT9099,STAR LEARNERS @ NORTH EAST PTE. LTD.,2026-01-01,36
PT9529,STAR LEARNERS @ ONE-NORTH PTE LTD,2024-03-01,36
PT8529,STAR LEARNERS @ PASIR RIS PTE. LTD.,2025-06-01,36
PT9120,STAR LEARNERS @ RIVERVALE PTE LTD,2026-04-01,36
PT8497,STAR LEARNERS @ SEMBAWANG PTE. LTD.,2025-04-16,36
PT8885,STAR LEARNERS @ SEMBAWANG WAY PTE. LTD.,2025-11-16,36
PT8835,STAR LEARNERS @ SENGKANG PTE. LTD.,2026-05-01,36
PT9335,STAR LEARNERS @ SENGKANG WEST PTE LTD,2025-02-01,36
PT9323,STAR LEARNERS @ SIGLAP PTE. LTD.,2025-01-01,36
PT8110,STAR LEARNERS @ SIMEI PTE. LTD.,2026-04-01,36
PT9463,STAR LEARNERS @ TAMPINES EAST PTE LTD,2023-08-01,36
PT9189,STAR LEARNERS @ TAMPINES PTE. LTD.,2023-10-01,36
PT8963,Star Learners @ Tampines West Pte. Ltd.,2024-07-12,36
PT8935,STAR LEARNERS @ TANJONG PAGAR PTE. LTD.,2023-10-16,36
PT9498,Star Learners @ Telok Blangah Pte Ltd,2023-11-16,36
PT9407,STAR LEARNERS @ TOA PAYOH PTE LTD,2026-01-01,36
PT9374,STAR LEARNERS @ UBI PTE LTD,2025-07-01,36
PT9409,STAR LEARNERS @ UPPER BUKIT TIMAH PTE LTD,2025-12-01,36
PT8512,Star Learners @ Woodlands 888 Pte Ltd,2025-02-01,36
PT9148,STAR LEARNERS @ WOODLANDS CIRCLE PTE. LTD.,2026-06-01,36
PT9116,STAR LEARNERS @ WOODLANDS PTE LTD,2026-03-12,36
PT9157,STAR LEARNERS @ YIO CHU KANG PTE. LTD.,2024-07-01,36
PT9518,STAR LEARNERS @ YISHUN PTE LTD,2024-01-01,36
PT9325,STAR LEARNERS @ YUNG HO PTE LTD,2025-01-01,36
PT9087,STAR LEARNERS PTE LTD,2025-12-01,36
PT9147,STAR LEARNERS RESPECT PTE. LTD.,2024-06-01,36
PT8949,Starshine Montessori Childcare Center,2025-06-03,24
PT8376,SUNFLOWER BABY HOUSE PTE. LTD.,2024-01-28,36
PT6940,SUNFLOWER CHILDCARE & DEVELOPMENT CENTRE PTE LTD,2025-07-14,36
PT9261,SUNFLOWER KIDDY STAR PRESCHOOL PTE LTD,2024-06-01,36
PT8611,SUNFLOWER KINDERHUB @ AMK PTE LTD,2025-09-01,36
PT8364,SUNFLOWER KINDERHUB PTE LTD,2024-02-24,36
PT9415,SUNFLOWER PRESCHOOL @ AMK PTE. LTD.,2025-12-12,36
PT8922,SUNFLOWER PRESCHOOL @ BALESTIER PTE. LTD.,2025-03-07,24
PT9302,SUNFLOWER PRESCHOOL @ BEDOK PTE LTD,2024-10-10,36
PT9501,SUNFLOWER PRESCHOOL @ BEDOK SOUTH PTE LTD,2023-12-01,36
PT9091,Sunflower Preschool @ Bukit Batok Pte Ltd,2025-12-01,36
PT9455,Sunflower Preschool @ Chevrons,2026-06-01,36
PT7720,Sunflower Preschool @ Dakota Pte Ltd,2024-10-01,36
PT9255,SUNFLOWER PRESCHOOL @ FRANKEL PTE LTD,2024-05-03,36
PT9454,Sunflower Preschool @ Hillview,2026-06-01,36
PT9041,SUNFLOWER PRESCHOOL @ HOUGANG (PTE. LTD.),2025-05-01,36
PT9535,SUNFLOWER PRESCHOOL @ HOUGANG CC (PRIVATE LIMITED),2024-03-15,36
PT9192,SUNFLOWER PRESCHOOL @ NSE PTE. LTD.,2023-10-06,36
PT8859,SUNFLOWER PRESCHOOL @ PASIR RIS PTE. LTD.,2025-08-01,36
PT5540,Sunflower Preschool @ PR Town Park Pte Ltd,2026-07-01,36
PT8857,SUNFLOWER PRESCHOOL @ PUNGGOL FIELD PTE. LTD.,2024-08-01,36
PT8858,SUNFLOWER PRESCHOOL @ PUNGGOL FIELD WALK PTE. LTD.,2023-08-01,36
PT9105,Sunflower Preschool @ Rivervale,2024-02-01,36
PT9440,Sunflower Preschool @ Sembawang Pte. Ltd.,2026-03-11,36
PT5890,Sunflower Preschool @ Simei Pte Ltd,2025-02-01,36
PT9408,SUNFLOWER PRESCHOOL @ TECK GHEE PTE LTD,2025-11-21,36
PT9102,Sunflower Preschool @ Tenaga Pte Ltd,2025-02-01,36
PT8748,SUNFLOWER PRESCHOOL @ UBI PTE. LTD.,2025-09-13,24
PT9682,SUNFLOWER PRESCHOOL @ WEST ROCK PTE LTD,2024-07-15,36
PT9670,Sunflower Preschool @ West Terra Pte Ltd,2024-07-01,36
PT9411,SUNFLOWER PRESCHOOL @ YISHUN PTE LTD,2025-11-29,36
PT9226,SUNFLOWER PRESCHOOL PTE. LTD.,2024-01-04,36
PT9867,Sunflower Preschool@Siglap Pte Ltd,2026-07-12,24
PT8663,SUNFLOWER TINKLELAND PRIVATE LIMITED,2024-04-15,36
PT8777,SUNLIFE EDUCARE PTE LTD,2025-04-12,24
PT9222,SUNNY BUNNY MONTESSORI PTE. LTD.,2025-06-30,24
PT9922,Sunny Days Preschool,2026-04-04,24
PT9427,SUNSHINE HEARTS PTE. LTD.,2025-07-04,24
PT9119,SUNSHINE KIDS CARE CENTRE @ TAMPINES PTE. LTD.,2026-03-19,36
PT8952,SUNSHINE KIDS CARE CENTRE PTE. LTD.,2024-06-01,36
PT8352,SUNSHINE KIDS EDUCARE PRIVATE LIMITED,2025-11-05,24
PT8547,Sunshine Kids Learning Haven @Tampines Pte Ltd,2025-09-01,24
PT3460,Sunshine Kids Preschool @Woodlands Pte Ltd,2025-01-03,36
RC1782,SUPER TALENT CHILDCARE LTD,2025-12-20,24
RC1783,SUPER TALENT CHILDCARE LTD,2025-11-15,36
RC1786,SUPER TALENT CHILDCARE LTD,2025-12-09,36
PT9534,SUPERGENIUS PRESCHOOL HBB PTE. LTD.,2024-03-29,36
PT9718,SUPERGENIUS PRESCHOOL OASIS PTE. LTD.,2024-11-01,36
PT9762,SUPERLAND INTERNATIONAL PRE-SCHOOL PTE LTD,2025-11-13,36
PT7210,SUPERLAND MONTESSORI PRE-SCHOOL PTE. LTD.,2025-01-26,24
PT9368,SUPERLAND PRE-SCHOOL (100 AM),2025-06-05,36
PT9770,SUPERLAND PRE-SCHOOL (BT) PTE. LTD.,2025-12-31,36
PT9786,SUPERLAND PRE-SCHOOL (BT2) PTE LTD,2026-03-23,36
PT9899,SUPERLAND PRE-SCHOOL (BUKIT CANBERRA),2026-05-14,24
PT9921,SUPERLAND PRE-SCHOOL (CB) PTE. LTD.,2026-02-27,24
PT9948,SUPERLAND PRE-SCHOOL (DUNEARN) PTE. LTD.,2026-04-16,12
PT9891,SUPERLAND PRE-SCHOOL (HOLLAND) PTE. LTD.,2025-03-12,24
PT9873,SUPERLAND PRE-SCHOOL (JURONG EAST) PTE. LTD.,2024-09-21,24
PT9429,SUPERLAND PRE-SCHOOL (PL) PTE. LTD.,2026-01-13,36
PT9504,SUPERLAND PRE-SCHOOL (RMCC) PTE LTD,2025-05-27,24
PT9763,SUPERLAND PRE-SCHOOL (RV) PTE. LTD.,2025-11-12,36
PT9467,SUPERLAND PRE-SCHOOL (TBCC) PTE. LTD.,2026-06-28,36
PT9257,SUPERLAND PRE-SCHOOL (UE SQUARE) PTE. LTD.,2024-05-01,36
PT9443,SUPERLAND PRE-SCHOOL @ KACC,2026-03-21,36
PT2240,SWEETLANDS CHILDCARE JE 316 PTE. LTD.,2024-07-06,36
PT8810,SWEETLANDS CHILDCARE JW 484 PTE. LTD.,2023-12-19,36
PT8800,SWEETLANDS CHILDCARE PUNGGOL 612 PTE. LTD.,2025-11-03,36
PT6200,SWEETLANDS CHILDCARE WOODLANDS 608 PTE. LTD.,2023-07-10,36
PT9058,SWEETLANDS CHILDCARE WOODLANDS 886C PTE. LTD.,2025-07-21,36
PT3250,SWEETLANDS CHILDCARE WOODLANDS 896B PTE. LTD.,2025-05-03,36
RC1818,The Chinese Kindergarten Preschool,2025-01-01,36
PT3640,The Gardner Preschool,2024-10-07,36
PT9208,THE GLITTER RAINBOW SKOOL PTE. LTD.,2023-11-29,36
PT9787,The Grange International Preschool,2026-03-25,36
PT8801,The Kids' Inn Joo Chiat Pte Ltd,2026-05-08,12
PT9703,The Little House (Montessori) Pte Ltd,2025-09-17,36
PT8001,THE LITTLE SKOOL-HOUSE INTERNATIONAL PTE LTD,2024-01-04,36
PT8508,THE LITTLE SKOOL-HOUSE INTERNATIONAL PTE LTD,2024-10-07,36
PT8716,THE LITTLE SKOOL-HOUSE INTERNATIONAL PTE LTD,2025-12-07,36
PT9511,THE LITTLE SKOOL-HOUSE INTERNATIONAL PTE LTD,2024-01-01,36
PT9512,THE LITTLE SKOOL-HOUSE INTERNATIONAL PTE LTD,2024-01-01,36
PT9522,THE LITTLE SKOOL-HOUSE INTERNATIONAL PTE LTD,2024-01-01,36
PT9729,The Little Skool-House International Pte Ltd,2025-01-01,36
PT9772,The Little Skool-House International Pte Ltd,2024-01-03,36
WP0660,THE LITTLE SKOOL-HOUSE INTERNATIONAL PTE LTD,2026-01-18,36
WP0736,THE LITTLE SKOOL-HOUSE INTERNATIONAL PTE LTD,2024-07-03,36
WP0739,THE LITTLE SKOOL-HOUSE INTERNATIONAL PTE LTD,2025-06-09,36
WP1102,THE LITTLE SKOOL-HOUSE INTERNATIONAL PTE LTD,2025-08-02,36
WP1110,THE LITTLE SKOOL-HOUSE INTERNATIONAL PTE LTD,2026-06-12,36
WP1112,THE LITTLE SKOOL-HOUSE INTERNATIONAL PTE. LTD.,2025-12-01,36
PT9653,The Montessori Playroom Kindergarten,2024-03-17,36
RC0600,THE MORAL CHILDCARE CENTRE,2025-11-08,36
RC1752,THE MORAL CHILDCARE CENTRE,2025-08-03,36
PT9472,THE ORANGE ACADEMY (TAMPINES) PTE LTD,2023-08-01,36
PT9895,THE ORANGE ACADEMY (TAMPINES) PTE LTD,2025-04-01,24
PT9470,THE ORANGE ACADEMY (YISHUN) PTE LTD,2026-07-12,36
PT9285,THE ORANGE ACADEMY PTE. LTD.,2024-07-20,36
PT8666,THE ORANGE TREE (CCK) PTE. LTD.,2025-01-03,36
PT9911,The Orange Tree (RV) Pte Ltd,2025-09-16,24
PT8707,The Schoolhouse Alexandra,2025-01-18,36
PT8820,The Schoolhouse Aroozoo,2026-04-29,36
PT1800,The Schoolhouse Buckley,2024-02-10,36
PT8736,The Schoolhouse Dover,2025-09-14,36
PT8040,The Schoolhouse Gentle Road,2024-08-17,36
PT8388,The Schoolhouse Katong,2024-03-01,36
PT9151,The Schoolhouse Kovan,2026-06-02,36
PT9926,The Schoolhouse Kovan 2,2026-04-14,24
PT8374,The Schoolhouse Mount Emily,2024-07-21,36
PT9933,THE SCHOOLHOUSE PUNGGOL DIGITAL DISTRICT,2025-10-01,12
PT5170,The Schoolhouse Ridgewood,2024-02-01,36
PT8737,The Schoolhouse River Valley,2024-12-12,36
PT8933,The Schoolhouse Sembawang (Sembawang Country Club),2024-04-04,36
PT9366,The Schoolhouse West Coast,2025-06-05,36
PT8915,The Starry Way Preschool,2026-02-01,24
PT9526,Tinkerland @ CCK,2025-02-11,24
PT8976,Tinkerland @ Tanah Merah,2024-09-01,36
PT8642,Tinkerland @ Yunnan,2025-02-01,36
PT9776,Toa Payoh Methodist Preschool,2025-04-01,24
PT4520,TOTS TOWN PRESCHOOL @ SEMBAWANG,2024-04-01,36
RC1832,TPBC KINDERGARTEN,2023-10-09,36
PT9707,Trehaus Pte Ltd,2024-10-01,36
RC1887,TUNG LING PRESCHOOL,2023-11-20,36
PT9197,TWINKLEKIDZ @ BENDEMEER PTE. LTD.,2023-11-01,36
PT8907,TWINKLEKIDZ ACADEMY PTE. LTD.,2024-01-02,36
PT8651,Twinklekidz International Schoolhouse Pte Ltd,2025-03-01,36
PT9107,TWINKLEKIDZ PLAYHOUSE PTE. LTD.,2026-02-09,12
RC1769,Tzu Chi Great Love Preschool (Sengkang),2025-06-23,36
RC1898,Tzu Chi Great Love Preschool (Toa Payoh),2025-04-17,36
RC1759,Tzu Chi Great Love Preschool (Yishun),2025-04-01,36
PT9517,UNITED WORLD PRESCHOOL PTE. LTD.,2024-01-02,36
RC1770,WAT PATTHAR EDUCARE CENTRE,2023-07-30,36
PT9446,WCHESTER PRESCHOOLERS PTE LTD,2024-04-02,36
PT9167,WHARTON EASTCOAST PTE. LTD.,2023-08-01,36
PT9906,Wharton Preschool @ Admiralty,2025-07-17,24
PT8877,WHARTON PRESCHOOL PTE. LTD.,2024-09-01,36
PT9924,Whistle Woods Schoolhouse,2026-05-01,24
PT9221,WHIZ KIDS MONTESSORI @HOUGANG PTE LTD,2025-01-01,36
PT9941,Willow Nursery,2025-12-17,12
PT9779,WISDOM STAR PRESCHOOL @ LE QUEST PTE LTD,2026-01-29,12
PT8522,Wonder Yard Schoolhouse,2024-04-14,36
PT8072,YASMINE @ FRANKEL EARLY LEARNING CENTRE,2026-05-01,6
PT9874,YORK INFANT RIVER VALLEY,2024-09-25,24
PT9721,York International River Valley,2024-10-12,36
PT8622,YUQUAN PRESCHOOL @GUILLEMARD,2025-10-30,12
PT8673,ZEE JUNIORS,2025-06-26,36
PT9281,Zee Learning Cove,2024-07-04,36
PT8584,ZEE SCHOOLHOUSE PTE LTD,2026-03-10,36
RC1866,ZION BISHAN KINDERCARE LTD,2025-01-01,36
PT9607,ZULFA KINDERGARTEN @ CHOA CHU KANG PTE LTD,2024-09-17,36
PT9603,ZULFA KINDERGARTEN @ JURONG WEST,2023-10-24,36
PT9606,ZULFA KINDERGARTEN @ PASIR RIS PTE LTD,2025-08-22,12
PT9605,ZULFA KINDERGARTEN @ SEMBAWANG MART PTE LTD,2023-11-13,36
